id,latitude,longitude,location,state,district,pincode,hospital_name,hospital_category,hospital_care_type,specialties,facilities,emergency_services,website,phone,source_name,source_facility_id,source_record_id,data_quality_status,coordinate_quality_status,validation_errors
20001,13.082264,80.278358,"POINT(80.278358 13.082264)","Tamil Nadu","Chennai","600003","Rajiv Gandhi Government General Hospital & Madras Medical College","Public/ Government","Government Teaching Hospital","General Medicine, General Surgery, Cardiology, Cardiothoracic Surgery, Neurology, Neurosurgery, Nephrology, Urology, Oncology, Orthopaedics, Paediatrics, ENT, Ophthalmology, Gastroenterology, Plastic Surgery, Rheumatology, Emergency Medicine","Ambulance, Blood Bank, 24x7 Casualty, 3500 Beds, 450 ICU Beds, CT Scan, MRI, Cath Lab, Dialysis Unit, Organ Transplant Centre, Central Pharmacy","24x7 Trauma & Emergency Care","https://mmc.ac.in","044-25305000","ABDM_HFR","IN-TN-CHN-0001",20001,CLEANED,VALID_COORDINATE,
20002,13.107026,80.287413,"POINT(80.287413 13.107026)","Tamil Nadu","Chennai","600001","Government Stanley Medical College Hospital","Public/ Government","Government Teaching Hospital","General Surgery, Surgical Gastroenterology, Liver Transplant, Plastic & Reconstructive Surgery, Hand Surgery, Nephrology, Urology, Cardiology, Paediatrics","Ambulance, Blood Bank, 24x7 Casualty, 2000 Beds, 200 ICU Beds, Advanced Liver Care Centre, Dialysis, Digital X-Ray, Pharmacy","24x7 Emergency Care","https://stanleymc.ac.in","044-25281351","ABDM_HFR","IN-TN-CHN-0002",20002,CLEANED,VALID_COORDINATE,
20003,13.078411,80.241512,"POINT(80.241512 13.078411)","Tamil Nadu","Chennai","600010","Government Kilpauk Medical College Hospital","Public/ Government","Government Teaching Hospital","Burns & Plastic Surgery, General Medicine, General Surgery, Paediatrics, Obstetrics & Gynaecology, Orthopaedics, ENT, Dermatology, Psychiatry","Ambulance, Blood Bank, Regional Burns Centre, 24x7 Emergency Room, 1200 Beds, ICU, Pharmacy","24x7 Emergency Services","https://gkmc.in","044-28364951","ABDM_HFR","IN-TN-CHN-0003",20003,CLEANED,VALID_COORDINATE,
20004,13.069415,80.274812,"POINT(80.274812 13.069415)","Tamil Nadu","Chennai","600002","Tamil Nadu Government Multi Super Speciality Hospital (Omandurar)","Public/ Government","Super Speciality Hospital","Cardiology, Cardio Thoracic Surgery, Neurology, Neuro Surgery, Medical Oncology, Surgical Oncology, Nephrology, Urology, Robotic Surgery, Vascular Surgery","Ambulance, Advanced Cath Lab, 3T MRI, 128 Slice CT, Robotic Surgery Theatre, Dialysis Unit, Day Care Chemotherapy, 500 Beds","24x7 Cardiac & Neuro Emergency","https://tngmsssh.tn.gov.in","044-25366120","ABDM_HFR","IN-TN-CHN-0004",20004,CLEANED,VALID_COORDINATE,
20005,13.053821,80.261215,"POINT(80.261215 13.053821)","Tamil Nadu","Chennai","600014","Government Royapettah Hospital","Public/ Government","Government Hospital","Surgical Oncology, Medical Oncology, Accident & Emergency, General Surgery, Orthopaedics, ENT, Gynaecology, Dermatology","Ambulance, 24x7 Accident Trauma Care, 750 Beds, Chemotherapy Day Care, Blood Bank, Pharmacy","24x7 Trauma & Accident Care","https://tnhealth.tn.gov.in","044-28483051","ABDM_HFR","IN-TN-CHN-0005",20005,CLEANED,VALID_COORDINATE,
20006,13.061214,80.277815,"POINT(80.277815 13.061214)","Tamil Nadu","Chennai","600005","Government Kasturba Gandhi Hospital for Women and Children","Public/ Government","Maternity & Paediatric Hospital","Obstetrics, Gynaecology, High Risk Pregnancy, Neonatology, NICU, Paediatrics","Ambulance, 24x7 Labour Ward, Level III NICU, Blood Bank, Ultrasound Sonography, 800 Beds","24x7 Emergency Obstetric Care","https://tnhealth.tn.gov.in","044-28444200","ABDM_HFR","IN-TN-CHN-0006",20006,CLEANED,VALID_COORDINATE,
20007,13.074512,80.258412,"POINT(80.258412 13.074512)","Tamil Nadu","Chennai","600008","Institute of Child Health and Hospital for Children (Egmore)","Public/ Government","Super Speciality Paediatric Hospital","Paediatric Medicine, Paediatric Surgery, Paediatric Cardiology, Paediatric Neurology, Paediatric Nephrology, Neonatology, PICU","Ambulance, Level III PICU, NICU, Emergency Paediatric Triage, 850 Beds, Genetic Lab","24x7 Paediatric Emergency","https://ich.tn.gov.in","044-28191982","ABDM_HFR","IN-TN-CHN-0007",20007,CLEANED,VALID_COORDINATE,
20008,13.072145,80.259812,"POINT(80.259812 13.072145)","Tamil Nadu","Chennai","600008","Regional Institute of Ophthalmology and Government Ophthalmic Hospital","Public/ Government","Ophthalmology Super Speciality","Cornea, Cataract, Glaucoma, Retina & Vitreous, Paediatric Ophthalmology, Oculoplasty, Neuro-Ophthalmology","24x7 Eye Casualty, Eye Bank, Lasik Theatre, Optical Biometry, 450 Beds","24x7 Eye Emergency & Trauma","https://rio.tn.gov.in","044-28192080","ABDM_HFR","IN-TN-CHN-0008",20008,CLEANED,VALID_COORDINATE,
20009,13.056624,80.251412,"POINT(80.251412 13.056624)","Tamil Nadu","Chennai","600006","Apollo Hospitals (Greams Road)","Private","Multi Speciality Tertiary Hospital","Cardiology, Cardio Thoracic Surgery, Oncology, Organ Transplants, Neurology, Neurosurgery, Orthopaedics, Nephrology, Gastroenterology, Critical Care","24x7 Emergency Room, Ambulance, NABH Accredited Blood Bank, 600 Beds, 120 ICU Beds, 3T MRI, PET CT, Da Vinci Robotic System, Dialysis","24x7 Emergency & Heart Attack Care","https://apollohospitals.com","044-28290200","ABDM_HFR","IN-TN-CHN-0009",20009,CLEANED,VALID_COORDINATE,
20010,13.050512,80.147812,"POINT(80.147812 13.050512)","Tamil Nadu","Chennai","600095","Apollo Speciality Hospitals (Vanagaram)","Private","Multi Speciality Hospital","Trauma Care, Cardiology, Neurosciences, Orthopaedics & Spine Surgery, Critical Care, Emergency Medicine","Ambulance, 24x7 Trauma Centre, 260 Beds, 60 ICU Beds, Cath Lab, MRI, 24x7 Pharmacy","24x7 Trauma & Emergency Centre","https://apollohospitals.com","044-26537777","ABDM_HFR","IN-TN-CHN-0010",20010,CLEANED,VALID_COORDINATE,
20011,13.036112,80.254112,"POINT(80.254112 13.036112)","Tamil Nadu","Chennai","600018","Kauvery Hospital (Alwarpet)","Private","Multi Speciality Tertiary Hospital","Cardiology, Neurosciences, Orthopaedics, Gastroenterology, Nephrology, Urology, Pulmonology, Oncology, Geriatrics","24x7 Emergency Care, Ambulance, 200 Beds, 50 ICU Beds, Digital Cath Lab, MRI, CT, Dialysis Unit","24x7 Emergency & Trauma","https://kauveryhospital.com","044-40006000","ABDM_HFR","IN-TN-CHN-0011",20011,CLEANED,VALID_COORDINATE,
20012,13.023812,80.187412,"POINT(80.187412 13.023812)","Tamil Nadu","Chennai","600089","MIOT International Hospital","Private","Multi Speciality Tertiary Hospital","Orthopaedics & Joint Replacement, Trauma Care, Cardiology, Organ Transplant, Thoracic Surgery, Oncology, Nephrology","Ambulance, 24x7 Emergency Trauma Care, 1000 Beds, 180 ICU Beds, Biplane Cath Lab, Helipad, Blood Bank","24x7 International Trauma Centre","https://miotinternational.com","044-42002288","ABDM_HFR","IN-TN-CHN-0012",20012,CLEANED,VALID_COORDINATE,
20013,13.006112,80.258412,"POINT(80.258412 13.006112)","Tamil Nadu","Chennai","600020","Fortis Malar Hospital (Adyar)","Private","Multi Speciality Hospital","Cardiology, Cardio Thoracic Vascular Surgery, Heart Transplant, Neurology, Nephrology, Urology, Gynaecology","24x7 Emergency Room, Ambulance, 180 Beds, 40 ICU Beds, Cath Lab, Advanced Heart Failure Clinic, Pharmacy","24x7 Cardiac Emergency Care","https://fortismalar.com","044-42892222","ABDM_HFR","IN-TN-CHN-0013",20013,CLEANED,VALID_COORDINATE,
20014,13.051412,80.209812,"POINT(80.209812 13.051412)","Tamil Nadu","Chennai","600026","SIMS Hospital (Vadapalani)","Private","Multi Speciality Tertiary Hospital","Cardiology, Cardiothoracic Surgery, Neurosciences, Orthopaedics, Oncology, Multi-organ Transplant, Emergency Medicine","24x7 Emergency Department, Ambulance, 345 Beds, 90 ICU Beds, 3T MRI, Dual Source CT, Pharmacy","24x7 Emergency & Trauma Care","https://simshospitals.com","044-49211444","ABDM_HFR","IN-TN-CHN-0014",20014,CLEANED,VALID_COORDINATE,
20015,13.071812,80.218412,"POINT(80.218412 13.071812)","Tamil Nadu","Chennai","600029","MGM Healthcare (Aminjikarai)","Private","Quaternary Care Super Speciality","Heart & Lung Transplantation, Cardiac Sciences, Neurosciences, Orthopaedics, Medical & Surgical Oncology, Renal Sciences","24x7 Emergency Care, Ambulance, 400 Beds, 100 Critical Care Beds, Intraoperative MRI, Biplane Cath Lab, Green Certified","24x7 Comprehensive Emergency Care","https://mgmhealthcare.in","044-45242424","ABDM_HFR","IN-TN-CHN-0015",20015,CLEANED,VALID_COORDINATE,
20016,13.072912,80.239812,"POINT(80.239812 13.072912)","Tamil Nadu","Chennai","600031","Dr. Mehta’s Hospitals (Chetpet)","Private","Multi Speciality Hospital","Paediatrics, Paediatric Surgery, Obstetrics & Gynaecology, Neonatology, General Surgery, Cardiology, Orthopaedics","Ambulance, 24x7 Emergency & Paediatric Triage, 250 Beds, Level III NICU, PICU, Blood Bank, Pharmacy","24x7 Paediatric & General Emergency","https://mehtahospital.com","044-42271001","ABDM_HFR","IN-TN-CHN-0016",20016,CLEANED,VALID_COORDINATE,
20017,13.051912,80.212412,"POINT(80.212412 13.051912)","Tamil Nadu","Chennai","600026","Vijaya Hospital (Vadapalani)","Trust","Multi Speciality Hospital","Cardiology, Cardio Thoracic Surgery, Neurology, Orthopaedics, Nephrology, General Surgery, Gynaecology, ENT","24x7 Casualty, Ambulance, 750 Beds, Blood Bank, Dialysis, Diagnostic Imaging, Pharmacy","24x7 Emergency Care","https://vijayahospital.org","044-24716161","ABDM_HFR","IN-TN-CHN-0017",20017,CLEANED,VALID_COORDINATE,
20018,13.086412,80.211812,"POINT(80.211812 13.086412)","Tamil Nadu","Chennai","600040","Sundaram Medical Foundation (Anna Nagar)","Trust","Community Hospital","General Medicine, General Surgery, Emergency Medicine, Paediatrics, Orthopaedics, Critical Care, Obstetrics","24x7 Emergency Department, Ambulance, 200 Beds, 40 ICU Beds, Blood Bank, Dialysis, Digital X-Ray","24x7 Emergency Services","https://smfhospital.com","044-26268844","ABDM_HFR","IN-TN-CHN-0018",20018,CLEANED,VALID_COORDINATE,
20019,12.906112,80.198412,"POINT(80.198412 12.906112)","Tamil Nadu","Chennai","600100","Gleneagles Health City (Perumbakkam)","Private","Quaternary Care Multi Speciality","Liver Transplantation, Multiorgan Transplant, Cardiology, Oncology, Neurosciences, Renal Sciences, Gastroenterology","24x7 Emergency & Trauma Centre, Ambulance, 1000 Beds, 200 ICU Beds, Advanced Transplant ICU, Cath Lab","24x7 Trauma & Emergency Centre","https://gleneagleshealthcitychennai.com","044-44777000","ABDM_HFR","IN-TN-CHN-0019",20019,CLEANED,VALID_COORDINATE,
20020,13.036812,80.141812,"POINT(80.141812 13.036812)","Tamil Nadu","Chennai","600116","Sri Ramachandra Hospital & Research Institute (Porur)","Trust","Teaching Multi Speciality Hospital","Cardiology, Cardio Thoracic Surgery, Oncology, Neurology, Nephrology, Multi Organ Transplant, Orthopaedics, Paediatrics","24x7 Emergency & Trauma Centre, Ambulance, 2500 Beds, 300 ICU Beds, Blood Bank, Linear Accelerator, Dialysis","24x7 Trauma & Emergency Care","https://sriramachandra.edu.in","044-45928500","ABDM_HFR","IN-TN-CHN-0020",20020,CLEANED,VALID_COORDINATE,
20021,12.951412,80.141212,"POINT(80.141212 12.951412)","Tamil Nadu","Chengalpattu","600044","Dr. Rela Institute & Medical Centre (Chromepet)","Private","Quaternary Care Multi Speciality","Liver Transplantation, Hepatobiliary Surgery, Paediatric Multi-Organ Transplant, Cardiology, Oncology, Neurosciences","24x7 Emergency & Critical Care, Ambulance, 450 Beds, 130 Critical Care Beds, 4K Laparoscopy, 24x7 Pharmacy","24x7 Emergency & Trauma Care","https://relainstitute.com","044-66667777","ABDM_HFR","IN-TN-CHN-0021",20021,CLEANED,VALID_COORDINATE,
20022,12.788412,80.221412,"POINT(80.221412 12.788412)","Tamil Nadu","Chengalpattu","603103","Chettinad Hospital & Research Institute (Kelambakkam)","Trust","Teaching Multi Speciality Hospital","General Medicine, Cardiology, Neurology, Orthopaedics, Paediatrics, Gynaecology, Oncology, Emergency Medicine","24x7 Emergency & Trauma Department, Ambulance, 1180 Beds, 150 ICU Beds, Blood Bank, Dialysis, MRI, CT","24x7 Emergency & Trauma Services","https://care.edu.in","044-47411000","ABDM_HFR","IN-TN-CHN-0022",20022,CLEANED,VALID_COORDINATE,
20023,11.0168,76.9558,"POINT(76.9558 11.0168)","Tamil Nadu","Coimbatore","641018","Coimbatore Medical College Hospital","Public/ Government","Government Medical College / District Hospital","General Medicine, General Surgery, Paediatrics, Obstetrics & Gynaecology, Orthopaedics, Anaesthesiology, Radiology, Pathology, Emergency Medicine","Ambulance, 24x7 Casualty, Blood Bank, 500-1000 Beds, 100 ICU Beds, CT Scan, X-Ray, Dialysis, Pharmacy","24x7 Casualty & Emergency Services","https://tnhealth.tn.gov.in","044-25305000","ABDM_HFR","IN-TN-COI-0023",20023,CLEANED,VALID_COORDINATE,
20024,11.0288,76.9708,"POINT(76.9708 11.0288)","Tamil Nadu","Coimbatore","641018","PSG Hospitals & GKNM Hospital","Private","Multi Speciality Hospital","Cardiology, Neurology, Orthopaedics, Nephrology, Gastroenterology, Oncology, Critical Care","Ambulance, 24x7 Emergency Room, ICU, Cath Lab, MRI, CT, Dialysis Unit, Pharmacy","24x7 Trauma & Emergency","https://cmchistn.com","0422-4345000","ABDM_HFR","IN-TN-COI-0024",20024,CLEANED,VALID_COORDINATE,
20025,10.9988,76.9438,"POINT(76.9438 10.9988)","Tamil Nadu","Coimbatore","641018","Government Taluk Hospital, Coimbatore","Public/ Government","Sub-District Hospital (SDH)","General Medicine, General Surgery, Paediatrics, Gynaecology, Emergency Care","Ambulance, 100 Beds, 24x7 Labour Ward, Pharmacy, X-Ray, Laboratory","24x7 Emergency Care","https://tnhealth.tn.gov.in","044-25305000","ABDM_HFR","IN-TN-COI-0025",20025,CLEANED,VALID_COORDINATE,
20026,9.9252,78.1198,"POINT(78.1198 9.9252)","Tamil Nadu","Madurai","625020","Government Rajaji Hospital (GRH Madurai)","Public/ Government","Government Medical College / District Hospital","General Medicine, General Surgery, Paediatrics, Obstetrics & Gynaecology, Orthopaedics, Anaesthesiology, Radiology, Pathology, Emergency Medicine","Ambulance, 24x7 Casualty, Blood Bank, 500-1000 Beds, 100 ICU Beds, CT Scan, X-Ray, Dialysis, Pharmacy","24x7 Casualty & Emergency Services","https://tnhealth.tn.gov.in","044-25305000","ABDM_HFR","IN-TN-MAD-0026",20026,CLEANED,VALID_COORDINATE,
20027,9.9372,78.1348,"POINT(78.1348 9.9372)","Tamil Nadu","Madurai","625020","Meenakshi Mission Hospital & Research Centre","Private","Multi Speciality Hospital","Cardiology, Neurology, Orthopaedics, Nephrology, Gastroenterology, Oncology, Critical Care","Ambulance, 24x7 Emergency Room, ICU, Cath Lab, MRI, CT, Dialysis Unit, Pharmacy","24x7 Trauma & Emergency","https://cmchistn.com","0422-4345000","ABDM_HFR","IN-TN-MAD-0027",20027,CLEANED,VALID_COORDINATE,
20028,9.9072,78.1078,"POINT(78.1078 9.9072)","Tamil Nadu","Madurai","625020","Government Taluk Hospital, Madurai","Public/ Government","Sub-District Hospital (SDH)","General Medicine, General Surgery, Paediatrics, Gynaecology, Emergency Care","Ambulance, 100 Beds, 24x7 Labour Ward, Pharmacy, X-Ray, Laboratory","24x7 Emergency Care","https://tnhealth.tn.gov.in","044-25305000","ABDM_HFR","IN-TN-MAD-0028",20028,CLEANED,VALID_COORDINATE,
20029,10.7905,78.7047,"POINT(78.7047 10.7905)","Tamil Nadu","Tiruchirappalli","620001","Mahatma Gandhi Memorial Government Hospital (KAPV)","Public/ Government","Government Medical College / District Hospital","General Medicine, General Surgery, Paediatrics, Obstetrics & Gynaecology, Orthopaedics, Anaesthesiology, Radiology, Pathology, Emergency Medicine","Ambulance, 24x7 Casualty, Blood Bank, 500-1000 Beds, 100 ICU Beds, CT Scan, X-Ray, Dialysis, Pharmacy","24x7 Casualty & Emergency Services","https://tnhealth.tn.gov.in","044-25305000","ABDM_HFR","IN-TN-TIR-0029",20029,CLEANED,VALID_COORDINATE,
20030,10.8025,78.7197,"POINT(78.7197 10.8025)","Tamil Nadu","Tiruchirappalli","620001","Kauvery Hospital Cantonment Trichy","Private","Multi Speciality Hospital","Cardiology, Neurology, Orthopaedics, Nephrology, Gastroenterology, Oncology, Critical Care","Ambulance, 24x7 Emergency Room, ICU, Cath Lab, MRI, CT, Dialysis Unit, Pharmacy","24x7 Trauma & Emergency","https://cmchistn.com","0422-4345000","ABDM_HFR","IN-TN-TIR-0030",20030,CLEANED,VALID_COORDINATE,
20031,10.7725,78.6927,"POINT(78.6927 10.7725)","Tamil Nadu","Tiruchirappalli","620001","Government Taluk Hospital, Tiruchirappalli","Public/ Government","Sub-District Hospital (SDH)","General Medicine, General Surgery, Paediatrics, Gynaecology, Emergency Care","Ambulance, 100 Beds, 24x7 Labour Ward, Pharmacy, X-Ray, Laboratory","24x7 Emergency Care","https://tnhealth.tn.gov.in","044-25305000","ABDM_HFR","IN-TN-TIR-0031",20031,CLEANED,VALID_COORDINATE,
20032,11.6643,78.146,"POINT(78.146 11.6643)","Tamil Nadu","Salem","636001","Government Mohan Kumaramangalam Medical College Hospital","Public/ Government","Government Medical College / District Hospital","General Medicine, General Surgery, Paediatrics, Obstetrics & Gynaecology, Orthopaedics, Anaesthesiology, Radiology, Pathology, Emergency Medicine","Ambulance, 24x7 Casualty, Blood Bank, 500-1000 Beds, 100 ICU Beds, CT Scan, X-Ray, Dialysis, Pharmacy","24x7 Casualty & Emergency Services","https://tnhealth.tn.gov.in","044-25305000","ABDM_HFR","IN-TN-SAL-0032",20032,CLEANED,VALID_COORDINATE,
20033,11.6763,78.161,"POINT(78.161 11.6763)","Tamil Nadu","Salem","636001","Manipal Hospital Salem","Private","Multi Speciality Hospital","Cardiology, Neurology, Orthopaedics, Nephrology, Gastroenterology, Oncology, Critical Care","Ambulance, 24x7 Emergency Room, ICU, Cath Lab, MRI, CT, Dialysis Unit, Pharmacy","24x7 Trauma & Emergency","https://cmchistn.com","0422-4345000","ABDM_HFR","IN-TN-SAL-0033",20033,CLEANED,VALID_COORDINATE,
20034,11.6463,78.134,"POINT(78.134 11.6463)","Tamil Nadu","Salem","636001","Government Taluk Hospital, Salem","Public/ Government","Sub-District Hospital (SDH)","General Medicine, General Surgery, Paediatrics, Gynaecology, Emergency Care","Ambulance, 100 Beds, 24x7 Labour Ward, Pharmacy, X-Ray, Laboratory","24x7 Emergency Care","https://tnhealth.tn.gov.in","044-25305000","ABDM_HFR","IN-TN-SAL-0034",20034,CLEANED,VALID_COORDINATE,
20035,8.7139,77.7567,"POINT(77.7567 8.7139)","Tamil Nadu","Tirunelveli","627011","Tirunelveli Medical College Hospital (TVMCH)","Public/ Government","Government Medical College / District Hospital","General Medicine, General Surgery, Paediatrics, Obstetrics & Gynaecology, Orthopaedics, Anaesthesiology, Radiology, Pathology, Emergency Medicine","Ambulance, 24x7 Casualty, Blood Bank, 500-1000 Beds, 100 ICU Beds, CT Scan, X-Ray, Dialysis, Pharmacy","24x7 Casualty & Emergency Services","https://tnhealth.tn.gov.in","044-25305000","ABDM_HFR","IN-TN-TIR-0035",20035,CLEANED,VALID_COORDINATE,
20036,8.7259,77.7717,"POINT(77.7717 8.7259)","Tamil Nadu","Tirunelveli","627011","Galaxy Hospital Tirunelveli","Private","Multi Speciality Hospital","Cardiology, Neurology, Orthopaedics, Nephrology, Gastroenterology, Oncology, Critical Care","Ambulance, 24x7 Emergency Room, ICU, Cath Lab, MRI, CT, Dialysis Unit, Pharmacy","24x7 Trauma & Emergency","https://cmchistn.com","0422-4345000","ABDM_HFR","IN-TN-TIR-0036",20036,CLEANED,VALID_COORDINATE,
20037,8.6959,77.7447,"POINT(77.7447 8.6959)","Tamil Nadu","Tirunelveli","627011","Government Taluk Hospital, Tirunelveli","Public/ Government","Sub-District Hospital (SDH)","General Medicine, General Surgery, Paediatrics, Gynaecology, Emergency Care","Ambulance, 100 Beds, 24x7 Labour Ward, Pharmacy, X-Ray, Laboratory","24x7 Emergency Care","https://tnhealth.tn.gov.in","044-25305000","ABDM_HFR","IN-TN-TIR-0037",20037,CLEANED,VALID_COORDINATE,
20038,12.9165,79.1325,"POINT(79.1325 12.9165)","Tamil Nadu","Vellore","632004","Government Vellore Medical College Hospital (Adukkamparai)","Public/ Government","Government Medical College / District Hospital","General Medicine, General Surgery, Paediatrics, Obstetrics & Gynaecology, Orthopaedics, Anaesthesiology, Radiology, Pathology, Emergency Medicine","Ambulance, 24x7 Casualty, Blood Bank, 500-1000 Beds, 100 ICU Beds, CT Scan, X-Ray, Dialysis, Pharmacy","24x7 Casualty & Emergency Services","https://tnhealth.tn.gov.in","044-25305000","ABDM_HFR","IN-TN-VEL-0038",20038,CLEANED,VALID_COORDINATE,
20039,12.9285,79.1475,"POINT(79.1475 12.9285)","Tamil Nadu","Vellore","632004","Christian Medical College (CMC) Hospital","Private","Multi Speciality Hospital","Cardiology, Neurology, Orthopaedics, Nephrology, Gastroenterology, Oncology, Critical Care","Ambulance, 24x7 Emergency Room, ICU, Cath Lab, MRI, CT, Dialysis Unit, Pharmacy","24x7 Trauma & Emergency","https://cmchistn.com","0422-4345000","ABDM_HFR","IN-TN-VEL-0039",20039,CLEANED,VALID_COORDINATE,
20040,12.8985,79.1205,"POINT(79.1205 12.8985)","Tamil Nadu","Vellore","632004","Government Taluk Hospital, Vellore","Public/ Government","Sub-District Hospital (SDH)","General Medicine, General Surgery, Paediatrics, Gynaecology, Emergency Care","Ambulance, 100 Beds, 24x7 Labour Ward, Pharmacy, X-Ray, Laboratory","24x7 Emergency Care","https://tnhealth.tn.gov.in","044-25305000","ABDM_HFR","IN-TN-VEL-0040",20040,CLEANED,VALID_COORDINATE,
20041,10.787,79.1378,"POINT(79.1378 10.787)","Tamil Nadu","Thanjavur","613004","Thanjavur Medical College Hospital (TMCH)","Public/ Government","Government Medical College / District Hospital","General Medicine, General Surgery, Paediatrics, Obstetrics & Gynaecology, Orthopaedics, Anaesthesiology, Radiology, Pathology, Emergency Medicine","Ambulance, 24x7 Casualty, Blood Bank, 500-1000 Beds, 100 ICU Beds, CT Scan, X-Ray, Dialysis, Pharmacy","24x7 Casualty & Emergency Services","https://tnhealth.tn.gov.in","044-25305000","ABDM_HFR","IN-TN-THA-0041",20041,CLEANED,VALID_COORDINATE,
20042,10.799,79.1528,"POINT(79.1528 10.799)","Tamil Nadu","Thanjavur","613004","Meenakshi Hospital Thanjavur","Private","Multi Speciality Hospital","Cardiology, Neurology, Orthopaedics, Nephrology, Gastroenterology, Oncology, Critical Care","Ambulance, 24x7 Emergency Room, ICU, Cath Lab, MRI, CT, Dialysis Unit, Pharmacy","24x7 Trauma & Emergency","https://cmchistn.com","0422-4345000","ABDM_HFR","IN-TN-THA-0042",20042,CLEANED,VALID_COORDINATE,
20043,10.769,79.1258,"POINT(79.1258 10.769)","Tamil Nadu","Thanjavur","613004","Government Taluk Hospital, Thanjavur","Public/ Government","Sub-District Hospital (SDH)","General Medicine, General Surgery, Paediatrics, Gynaecology, Emergency Care","Ambulance, 100 Beds, 24x7 Labour Ward, Pharmacy, X-Ray, Laboratory","24x7 Emergency Care","https://tnhealth.tn.gov.in","044-25305000","ABDM_HFR","IN-TN-THA-0043",20043,CLEANED,VALID_COORDINATE,
20044,12.6841,79.9836,"POINT(79.9836 12.6841)","Tamil Nadu","Chengalpattu","603001","Chengalpattu Government Medical College Hospital","Public/ Government","Government Medical College / District Hospital","General Medicine, General Surgery, Paediatrics, Obstetrics & Gynaecology, Orthopaedics, Anaesthesiology, Radiology, Pathology, Emergency Medicine","Ambulance, 24x7 Casualty, Blood Bank, 500-1000 Beds, 100 ICU Beds, CT Scan, X-Ray, Dialysis, Pharmacy","24x7 Casualty & Emergency Services","https://tnhealth.tn.gov.in","044-25305000","ABDM_HFR","IN-TN-CHE-0044",20044,CLEANED,VALID_COORDINATE,
20045,12.6961,79.9986,"POINT(79.9986 12.6961)","Tamil Nadu","Chengalpattu","603001","Gleneagles Global Hospital","Private","Multi Speciality Hospital","Cardiology, Neurology, Orthopaedics, Nephrology, Gastroenterology, Oncology, Critical Care","Ambulance, 24x7 Emergency Room, ICU, Cath Lab, MRI, CT, Dialysis Unit, Pharmacy","24x7 Trauma & Emergency","https://cmchistn.com","0422-4345000","ABDM_HFR","IN-TN-CHE-0045",20045,CLEANED,VALID_COORDINATE,
20046,12.6661,79.9716,"POINT(79.9716 12.6661)","Tamil Nadu","Chengalpattu","603001","Government Taluk Hospital, Chengalpattu","Public/ Government","Sub-District Hospital (SDH)","General Medicine, General Surgery, Paediatrics, Gynaecology, Emergency Care","Ambulance, 100 Beds, 24x7 Labour Ward, Pharmacy, X-Ray, Laboratory","24x7 Emergency Care","https://tnhealth.tn.gov.in","044-25305000","ABDM_HFR","IN-TN-CHE-0046",20046,CLEANED,VALID_COORDINATE,
20047,13.1437,79.9083,"POINT(79.9083 13.1437)","Tamil Nadu","Tiruvallur","602001","Government Tiruvallur Medical College Hospital","Public/ Government","Government Medical College / District Hospital","General Medicine, General Surgery, Paediatrics, Obstetrics & Gynaecology, Orthopaedics, Anaesthesiology, Radiology, Pathology, Emergency Medicine","Ambulance, 24x7 Casualty, Blood Bank, 500-1000 Beds, 100 ICU Beds, CT Scan, X-Ray, Dialysis, Pharmacy","24x7 Casualty & Emergency Services","https://tnhealth.tn.gov.in","044-25305000","ABDM_HFR","IN-TN-TIR-0047",20047,CLEANED,VALID_COORDINATE,
20048,13.1557,79.9233,"POINT(79.9233 13.1557)","Tamil Nadu","Tiruvallur","602001","Apollo Speciality Hospital Vanagaram","Private","Multi Speciality Hospital","Cardiology, Neurology, Orthopaedics, Nephrology, Gastroenterology, Oncology, Critical Care","Ambulance, 24x7 Emergency Room, ICU, Cath Lab, MRI, CT, Dialysis Unit, Pharmacy","24x7 Trauma & Emergency","https://cmchistn.com","0422-4345000","ABDM_HFR","IN-TN-TIR-0048",20048,CLEANED,VALID_COORDINATE,
20049,13.1257,79.8963,"POINT(79.8963 13.1257)","Tamil Nadu","Tiruvallur","602001","Government Taluk Hospital, Tiruvallur","Public/ Government","Sub-District Hospital (SDH)","General Medicine, General Surgery, Paediatrics, Gynaecology, Emergency Care","Ambulance, 100 Beds, 24x7 Labour Ward, Pharmacy, X-Ray, Laboratory","24x7 Emergency Care","https://tnhealth.tn.gov.in","044-25305000","ABDM_HFR","IN-TN-TIR-0049",20049,CLEANED,VALID_COORDINATE,
20050,12.8342,79.7036,"POINT(79.7036 12.8342)","Tamil Nadu","Kanchipuram","631502","District Headquarters Hospital Kanchipuram","Public/ Government","Government Medical College / District Hospital","General Medicine, General Surgery, Paediatrics, Obstetrics & Gynaecology, Orthopaedics, Anaesthesiology, Radiology, Pathology, Emergency Medicine","Ambulance, 24x7 Casualty, Blood Bank, 500-1000 Beds, 100 ICU Beds, CT Scan, X-Ray, Dialysis, Pharmacy","24x7 Casualty & Emergency Services","https://tnhealth.tn.gov.in","044-25305000","ABDM_HFR","IN-TN-KAN-0050",20050,CLEANED,VALID_COORDINATE,
20051,12.8462,79.7186,"POINT(79.7186 12.8462)","Tamil Nadu","Kanchipuram","631502","Meenakshi Medical College Hospital","Private","Multi Speciality Hospital","Cardiology, Neurology, Orthopaedics, Nephrology, Gastroenterology, Oncology, Critical Care","Ambulance, 24x7 Emergency Room, ICU, Cath Lab, MRI, CT, Dialysis Unit, Pharmacy","24x7 Trauma & Emergency","https://cmchistn.com","0422-4345000","ABDM_HFR","IN-TN-KAN-0051",20051,CLEANED,VALID_COORDINATE,
20052,12.8162,79.6916,"POINT(79.6916 12.8162)","Tamil Nadu","Kanchipuram","631502","Government Taluk Hospital, Kanchipuram","Public/ Government","Sub-District Hospital (SDH)","General Medicine, General Surgery, Paediatrics, Gynaecology, Emergency Care","Ambulance, 100 Beds, 24x7 Labour Ward, Pharmacy, X-Ray, Laboratory","24x7 Emergency Care","https://tnhealth.tn.gov.in","044-25305000","ABDM_HFR","IN-TN-KAN-0052",20052,CLEANED,VALID_COORDINATE,
20053,11.341,77.7172,"POINT(77.7172 11.341)","Tamil Nadu","Erode","638009","Government Medical College Hospital Erode (Perundurai)","Public/ Government","Government Medical College / District Hospital","General Medicine, General Surgery, Paediatrics, Obstetrics & Gynaecology, Orthopaedics, Anaesthesiology, Radiology, Pathology, Emergency Medicine","Ambulance, 24x7 Casualty, Blood Bank, 500-1000 Beds, 100 ICU Beds, CT Scan, X-Ray, Dialysis, Pharmacy","24x7 Casualty & Emergency Services","https://tnhealth.tn.gov.in","044-25305000","ABDM_HFR","IN-TN-ERO-0053",20053,CLEANED,VALID_COORDINATE,
20054,11.353,77.7322,"POINT(77.7322 11.353)","Tamil Nadu","Erode","638009","Lotus Hospital Erode","Private","Multi Speciality Hospital","Cardiology, Neurology, Orthopaedics, Nephrology, Gastroenterology, Oncology, Critical Care","Ambulance, 24x7 Emergency Room, ICU, Cath Lab, MRI, CT, Dialysis Unit, Pharmacy","24x7 Trauma & Emergency","https://cmchistn.com","0422-4345000","ABDM_HFR","IN-TN-ERO-0054",20054,CLEANED,VALID_COORDINATE,
20055,11.323,77.7052,"POINT(77.7052 11.323)","Tamil Nadu","Erode","638009","Government Taluk Hospital, Erode","Public/ Government","Sub-District Hospital (SDH)","General Medicine, General Surgery, Paediatrics, Gynaecology, Emergency Care","Ambulance, 100 Beds, 24x7 Labour Ward, Pharmacy, X-Ray, Laboratory","24x7 Emergency Care","https://tnhealth.tn.gov.in","044-25305000","ABDM_HFR","IN-TN-ERO-0055",20055,CLEANED,VALID_COORDINATE,
20056,11.1085,77.3411,"POINT(77.3411 11.1085)","Tamil Nadu","Tiruppur","641604","Government Medical College Hospital Tiruppur","Public/ Government","Government Medical College / District Hospital","General Medicine, General Surgery, Paediatrics, Obstetrics & Gynaecology, Orthopaedics, Anaesthesiology, Radiology, Pathology, Emergency Medicine","Ambulance, 24x7 Casualty, Blood Bank, 500-1000 Beds, 100 ICU Beds, CT Scan, X-Ray, Dialysis, Pharmacy","24x7 Casualty & Emergency Services","https://tnhealth.tn.gov.in","044-25305000","ABDM_HFR","IN-TN-TIR-0056",20056,CLEANED,VALID_COORDINATE,
20057,11.1205,77.3561,"POINT(77.3561 11.1205)","Tamil Nadu","Tiruppur","641604","Revathi Medical Centre","Private","Multi Speciality Hospital","Cardiology, Neurology, Orthopaedics, Nephrology, Gastroenterology, Oncology, Critical Care","Ambulance, 24x7 Emergency Room, ICU, Cath Lab, MRI, CT, Dialysis Unit, Pharmacy","24x7 Trauma & Emergency","https://cmchistn.com","0422-4345000","ABDM_HFR","IN-TN-TIR-0057",20057,CLEANED,VALID_COORDINATE,
20058,11.0905,77.3291,"POINT(77.3291 11.0905)","Tamil Nadu","Tiruppur","641604","Government Taluk Hospital, Tiruppur","Public/ Government","Sub-District Hospital (SDH)","General Medicine, General Surgery, Paediatrics, Gynaecology, Emergency Care","Ambulance, 100 Beds, 24x7 Labour Ward, Pharmacy, X-Ray, Laboratory","24x7 Emergency Care","https://tnhealth.tn.gov.in","044-25305000","ABDM_HFR","IN-TN-TIR-0058",20058,CLEANED,VALID_COORDINATE,
20059,10.3673,77.9803,"POINT(77.9803 10.3673)","Tamil Nadu","Dindigul","624001","Government Medical College Hospital Dindigul","Public/ Government","Government Medical College / District Hospital","General Medicine, General Surgery, Paediatrics, Obstetrics & Gynaecology, Orthopaedics, Anaesthesiology, Radiology, Pathology, Emergency Medicine","Ambulance, 24x7 Casualty, Blood Bank, 500-1000 Beds, 100 ICU Beds, CT Scan, X-Ray, Dialysis, Pharmacy","24x7 Casualty & Emergency Services","https://tnhealth.tn.gov.in","044-25305000","ABDM_HFR","IN-TN-DIN-0059",20059,CLEANED,VALID_COORDINATE,
20060,10.3793,77.9953,"POINT(77.9953 10.3793)","Tamil Nadu","Dindigul","624001","St. Joseph Hospital Dindigul","Private","Multi Speciality Hospital","Cardiology, Neurology, Orthopaedics, Nephrology, Gastroenterology, Oncology, Critical Care","Ambulance, 24x7 Emergency Room, ICU, Cath Lab, MRI, CT, Dialysis Unit, Pharmacy","24x7 Trauma & Emergency","https://cmchistn.com","0422-4345000","ABDM_HFR","IN-TN-DIN-0060",20060,CLEANED,VALID_COORDINATE,
20061,10.3493,77.9683,"POINT(77.9683 10.3493)","Tamil Nadu","Dindigul","624001","Government Taluk Hospital, Dindigul","Public/ Government","Sub-District Hospital (SDH)","General Medicine, General Surgery, Paediatrics, Gynaecology, Emergency Care","Ambulance, 100 Beds, 24x7 Labour Ward, Pharmacy, X-Ray, Laboratory","24x7 Emergency Care","https://tnhealth.tn.gov.in","044-25305000","ABDM_HFR","IN-TN-DIN-0061",20061,CLEANED,VALID_COORDINATE,
20062,11.748,79.7714,"POINT(79.7714 11.748)","Tamil Nadu","Cuddalore","607001","Government Medical College Hospital Cuddalore (Chidambaram)","Public/ Government","Government Medical College / District Hospital","General Medicine, General Surgery, Paediatrics, Obstetrics & Gynaecology, Orthopaedics, Anaesthesiology, Radiology, Pathology, Emergency Medicine","Ambulance, 24x7 Casualty, Blood Bank, 500-1000 Beds, 100 ICU Beds, CT Scan, X-Ray, Dialysis, Pharmacy","24x7 Casualty & Emergency Services","https://tnhealth.tn.gov.in","044-25305000","ABDM_HFR","IN-TN-CUD-0062",20062,CLEANED,VALID_COORDINATE,
20063,11.76,79.7864,"POINT(79.7864 11.76)","Tamil Nadu","Cuddalore","607001","Krishna Hospital Cuddalore","Private","Multi Speciality Hospital","Cardiology, Neurology, Orthopaedics, Nephrology, Gastroenterology, Oncology, Critical Care","Ambulance, 24x7 Emergency Room, ICU, Cath Lab, MRI, CT, Dialysis Unit, Pharmacy","24x7 Trauma & Emergency","https://cmchistn.com","0422-4345000","ABDM_HFR","IN-TN-CUD-0063",20063,CLEANED,VALID_COORDINATE,
20064,11.73,79.7594,"POINT(79.7594 11.73)","Tamil Nadu","Cuddalore","607001","Government Taluk Hospital, Cuddalore","Public/ Government","Sub-District Hospital (SDH)","General Medicine, General Surgery, Paediatrics, Gynaecology, Emergency Care","Ambulance, 100 Beds, 24x7 Labour Ward, Pharmacy, X-Ray, Laboratory","24x7 Emergency Care","https://tnhealth.tn.gov.in","044-25305000","ABDM_HFR","IN-TN-CUD-0064",20064,CLEANED,VALID_COORDINATE,
20065,11.9401,79.4861,"POINT(79.4861 11.9401)","Tamil Nadu","Viluppuram","605602","Government Villupuram Medical College Hospital (Mundiyampakkam)","Public/ Government","Government Medical College / District Hospital","General Medicine, General Surgery, Paediatrics, Obstetrics & Gynaecology, Orthopaedics, Anaesthesiology, Radiology, Pathology, Emergency Medicine","Ambulance, 24x7 Casualty, Blood Bank, 500-1000 Beds, 100 ICU Beds, CT Scan, X-Ray, Dialysis, Pharmacy","24x7 Casualty & Emergency Services","https://tnhealth.tn.gov.in","044-25305000","ABDM_HFR","IN-TN-VIL-0065",20065,CLEANED,VALID_COORDINATE,
20066,11.9521,79.5011,"POINT(79.5011 11.9521)","Tamil Nadu","Viluppuram","605602","ES Hospital Villupuram","Private","Multi Speciality Hospital","Cardiology, Neurology, Orthopaedics, Nephrology, Gastroenterology, Oncology, Critical Care","Ambulance, 24x7 Emergency Room, ICU, Cath Lab, MRI, CT, Dialysis Unit, Pharmacy","24x7 Trauma & Emergency","https://cmchistn.com","0422-4345000","ABDM_HFR","IN-TN-VIL-0066",20066,CLEANED,VALID_COORDINATE,
20067,11.9221,79.4741,"POINT(79.4741 11.9221)","Tamil Nadu","Viluppuram","605602","Government Taluk Hospital, Viluppuram","Public/ Government","Sub-District Hospital (SDH)","General Medicine, General Surgery, Paediatrics, Gynaecology, Emergency Care","Ambulance, 100 Beds, 24x7 Labour Ward, Pharmacy, X-Ray, Laboratory","24x7 Emergency Care","https://tnhealth.tn.gov.in","044-25305000","ABDM_HFR","IN-TN-VIL-0067",20067,CLEANED,VALID_COORDINATE,
20068,8.0883,77.5385,"POINT(77.5385 8.0883)","Tamil Nadu","Kanyakumari","629201","Kanyakumari Government Medical College Hospital (Asaripallam)","Public/ Government","Government Medical College / District Hospital","General Medicine, General Surgery, Paediatrics, Obstetrics & Gynaecology, Orthopaedics, Anaesthesiology, Radiology, Pathology, Emergency Medicine","Ambulance, 24x7 Casualty, Blood Bank, 500-1000 Beds, 100 ICU Beds, CT Scan, X-Ray, Dialysis, Pharmacy","24x7 Casualty & Emergency Services","https://tnhealth.tn.gov.in","044-25305000","ABDM_HFR","IN-TN-KAN-0068",20068,CLEANED,VALID_COORDINATE,
20069,8.1003,77.5535,"POINT(77.5535 8.1003)","Tamil Nadu","Kanyakumari","629201","Sree Mookambika Institute","Private","Multi Speciality Hospital","Cardiology, Neurology, Orthopaedics, Nephrology, Gastroenterology, Oncology, Critical Care","Ambulance, 24x7 Emergency Room, ICU, Cath Lab, MRI, CT, Dialysis Unit, Pharmacy","24x7 Trauma & Emergency","https://cmchistn.com","0422-4345000","ABDM_HFR","IN-TN-KAN-0069",20069,CLEANED,VALID_COORDINATE,
20070,8.0703,77.5265,"POINT(77.5265 8.0703)","Tamil Nadu","Kanyakumari","629201","Government Taluk Hospital, Kanyakumari","Public/ Government","Sub-District Hospital (SDH)","General Medicine, General Surgery, Paediatrics, Gynaecology, Emergency Care","Ambulance, 100 Beds, 24x7 Labour Ward, Pharmacy, X-Ray, Laboratory","24x7 Emergency Care","https://tnhealth.tn.gov.in","044-25305000","ABDM_HFR","IN-TN-KAN-0070",20070,CLEANED,VALID_COORDINATE,
20071,10.7672,79.8449,"POINT(79.8449 10.7672)","Tamil Nadu","Nagapattinam","611001","Government Medical College Hospital Nagapattinam","Public/ Government","Government Medical College / District Hospital","General Medicine, General Surgery, Paediatrics, Obstetrics & Gynaecology, Orthopaedics, Anaesthesiology, Radiology, Pathology, Emergency Medicine","Ambulance, 24x7 Casualty, Blood Bank, 500-1000 Beds, 100 ICU Beds, CT Scan, X-Ray, Dialysis, Pharmacy","24x7 Casualty & Emergency Services","https://tnhealth.tn.gov.in","044-25305000","ABDM_HFR","IN-TN-NAG-0071",20071,CLEANED,VALID_COORDINATE,
20072,10.7792,79.8599,"POINT(79.8599 10.7792)","Tamil Nadu","Nagapattinam","611001","Padmini Nursing Home","Private","Multi Speciality Hospital","Cardiology, Neurology, Orthopaedics, Nephrology, Gastroenterology, Oncology, Critical Care","Ambulance, 24x7 Emergency Room, ICU, Cath Lab, MRI, CT, Dialysis Unit, Pharmacy","24x7 Trauma & Emergency","https://cmchistn.com","0422-4345000","ABDM_HFR","IN-TN-NAG-0072",20072,CLEANED,VALID_COORDINATE,
20073,10.7492,79.8329,"POINT(79.8329 10.7492)","Tamil Nadu","Nagapattinam","611001","Government Taluk Hospital, Nagapattinam","Public/ Government","Sub-District Hospital (SDH)","General Medicine, General Surgery, Paediatrics, Gynaecology, Emergency Care","Ambulance, 100 Beds, 24x7 Labour Ward, Pharmacy, X-Ray, Laboratory","24x7 Emergency Care","https://tnhealth.tn.gov.in","044-25305000","ABDM_HFR","IN-TN-NAG-0073",20073,CLEANED,VALID_COORDINATE,
20074,10.7717,79.6366,"POINT(79.6366 10.7717)","Tamil Nadu","Tiruvarur","610004","Government Tiruvarur Medical College Hospital","Public/ Government","Government Medical College / District Hospital","General Medicine, General Surgery, Paediatrics, Obstetrics & Gynaecology, Orthopaedics, Anaesthesiology, Radiology, Pathology, Emergency Medicine","Ambulance, 24x7 Casualty, Blood Bank, 500-1000 Beds, 100 ICU Beds, CT Scan, X-Ray, Dialysis, Pharmacy","24x7 Casualty & Emergency Services","https://tnhealth.tn.gov.in","044-25305000","ABDM_HFR","IN-TN-TIR-0074",20074,CLEANED,VALID_COORDINATE,
20075,10.7837,79.6516,"POINT(79.6516 10.7837)","Tamil Nadu","Tiruvarur","610004","Pankajam Hospital","Private","Multi Speciality Hospital","Cardiology, Neurology, Orthopaedics, Nephrology, Gastroenterology, Oncology, Critical Care","Ambulance, 24x7 Emergency Room, ICU, Cath Lab, MRI, CT, Dialysis Unit, Pharmacy","24x7 Trauma & Emergency","https://cmchistn.com","0422-4345000","ABDM_HFR","IN-TN-TIR-0075",20075,CLEANED,VALID_COORDINATE,
20076,10.7537,79.6246,"POINT(79.6246 10.7537)","Tamil Nadu","Tiruvarur","610004","Government Taluk Hospital, Tiruvarur","Public/ Government","Sub-District Hospital (SDH)","General Medicine, General Surgery, Paediatrics, Gynaecology, Emergency Care","Ambulance, 100 Beds, 24x7 Labour Ward, Pharmacy, X-Ray, Laboratory","24x7 Emergency Care","https://tnhealth.tn.gov.in","044-25305000","ABDM_HFR","IN-TN-TIR-0076",20076,CLEANED,VALID_COORDINATE,
20077,10.3797,78.8208,"POINT(78.8208 10.3797)","Tamil Nadu","Pudukkottai","622001","Government Medical College Hospital Pudukkottai","Public/ Government","Government Medical College / District Hospital","General Medicine, General Surgery, Paediatrics, Obstetrics & Gynaecology, Orthopaedics, Anaesthesiology, Radiology, Pathology, Emergency Medicine","Ambulance, 24x7 Casualty, Blood Bank, 500-1000 Beds, 100 ICU Beds, CT Scan, X-Ray, Dialysis, Pharmacy","24x7 Casualty & Emergency Services","https://tnhealth.tn.gov.in","044-25305000","ABDM_HFR","IN-TN-PUD-0077",20077,CLEANED,VALID_COORDINATE,
20078,10.3917,78.8358,"POINT(78.8358 10.3917)","Tamil Nadu","Pudukkottai","622001","Muthu Hospital","Private","Multi Speciality Hospital","Cardiology, Neurology, Orthopaedics, Nephrology, Gastroenterology, Oncology, Critical Care","Ambulance, 24x7 Emergency Room, ICU, Cath Lab, MRI, CT, Dialysis Unit, Pharmacy","24x7 Trauma & Emergency","https://cmchistn.com","0422-4345000","ABDM_HFR","IN-TN-PUD-0078",20078,CLEANED,VALID_COORDINATE,
20079,10.3617,78.8088,"POINT(78.8088 10.3617)","Tamil Nadu","Pudukkottai","622001","Government Taluk Hospital, Pudukkottai","Public/ Government","Sub-District Hospital (SDH)","General Medicine, General Surgery, Paediatrics, Gynaecology, Emergency Care","Ambulance, 100 Beds, 24x7 Labour Ward, Pharmacy, X-Ray, Laboratory","24x7 Emergency Care","https://tnhealth.tn.gov.in","044-25305000","ABDM_HFR","IN-TN-PUD-0079",20079,CLEANED,VALID_COORDINATE,
20080,9.8433,78.4809,"POINT(78.4809 9.8433)","Tamil Nadu","Sivaganga","630561","Government Sivagangai Medical College Hospital","Public/ Government","Government Medical College / District Hospital","General Medicine, General Surgery, Paediatrics, Obstetrics & Gynaecology, Orthopaedics, Anaesthesiology, Radiology, Pathology, Emergency Medicine","Ambulance, 24x7 Casualty, Blood Bank, 500-1000 Beds, 100 ICU Beds, CT Scan, X-Ray, Dialysis, Pharmacy","24x7 Casualty & Emergency Services","https://tnhealth.tn.gov.in","044-25305000","ABDM_HFR","IN-TN-SIV-0080",20080,CLEANED,VALID_COORDINATE,
20081,9.8553,78.4959,"POINT(78.4959 9.8553)","Tamil Nadu","Sivaganga","630561","St. Michael Hospital","Private","Multi Speciality Hospital","Cardiology, Neurology, Orthopaedics, Nephrology, Gastroenterology, Oncology, Critical Care","Ambulance, 24x7 Emergency Room, ICU, Cath Lab, MRI, CT, Dialysis Unit, Pharmacy","24x7 Trauma & Emergency","https://cmchistn.com","0422-4345000","ABDM_HFR","IN-TN-SIV-0081",20081,CLEANED,VALID_COORDINATE,
20082,9.8253,78.4689,"POINT(78.4689 9.8253)","Tamil Nadu","Sivaganga","630561","Government Taluk Hospital, Sivaganga","Public/ Government","Sub-District Hospital (SDH)","General Medicine, General Surgery, Paediatrics, Gynaecology, Emergency Care","Ambulance, 100 Beds, 24x7 Labour Ward, Pharmacy, X-Ray, Laboratory","24x7 Emergency Care","https://tnhealth.tn.gov.in","044-25305000","ABDM_HFR","IN-TN-SIV-0082",20082,CLEANED,VALID_COORDINATE,
20083,9.3639,78.8395,"POINT(78.8395 9.3639)","Tamil Nadu","Ramanathapuram","623501","Government Medical College Hospital Ramanathapuram","Public/ Government","Government Medical College / District Hospital","General Medicine, General Surgery, Paediatrics, Obstetrics & Gynaecology, Orthopaedics, Anaesthesiology, Radiology, Pathology, Emergency Medicine","Ambulance, 24x7 Casualty, Blood Bank, 500-1000 Beds, 100 ICU Beds, CT Scan, X-Ray, Dialysis, Pharmacy","24x7 Casualty & Emergency Services","https://tnhealth.tn.gov.in","044-25305000","ABDM_HFR","IN-TN-RAM-0083",20083,CLEANED,VALID_COORDINATE,
20084,9.3759,78.8545,"POINT(78.8545 9.3759)","Tamil Nadu","Ramanathapuram","623501","Syed Ammal Hospital","Private","Multi Speciality Hospital","Cardiology, Neurology, Orthopaedics, Nephrology, Gastroenterology, Oncology, Critical Care","Ambulance, 24x7 Emergency Room, ICU, Cath Lab, MRI, CT, Dialysis Unit, Pharmacy","24x7 Trauma & Emergency","https://cmchistn.com","0422-4345000","ABDM_HFR","IN-TN-RAM-0084",20084,CLEANED,VALID_COORDINATE,
20085,9.3459,78.8275,"POINT(78.8275 9.3459)","Tamil Nadu","Ramanathapuram","623501","Government Taluk Hospital, Ramanathapuram","Public/ Government","Sub-District Hospital (SDH)","General Medicine, General Surgery, Paediatrics, Gynaecology, Emergency Care","Ambulance, 100 Beds, 24x7 Labour Ward, Pharmacy, X-Ray, Laboratory","24x7 Emergency Care","https://tnhealth.tn.gov.in","044-25305000","ABDM_HFR","IN-TN-RAM-0085",20085,CLEANED,VALID_COORDINATE,
20086,9.5872,77.9578,"POINT(77.9578 9.5872)","Tamil Nadu","Virudhunagar","626001","Government Medical College Hospital Virudhunagar","Public/ Government","Government Medical College / District Hospital","General Medicine, General Surgery, Paediatrics, Obstetrics & Gynaecology, Orthopaedics, Anaesthesiology, Radiology, Pathology, Emergency Medicine","Ambulance, 24x7 Casualty, Blood Bank, 500-1000 Beds, 100 ICU Beds, CT Scan, X-Ray, Dialysis, Pharmacy","24x7 Casualty & Emergency Services","https://tnhealth.tn.gov.in","044-25305000","ABDM_HFR","IN-TN-VIR-0086",20086,CLEANED,VALID_COORDINATE,
20087,9.5992,77.9728,"POINT(77.9728 9.5992)","Tamil Nadu","Virudhunagar","626001","Kamaraj Hospital","Private","Multi Speciality Hospital","Cardiology, Neurology, Orthopaedics, Nephrology, Gastroenterology, Oncology, Critical Care","Ambulance, 24x7 Emergency Room, ICU, Cath Lab, MRI, CT, Dialysis Unit, Pharmacy","24x7 Trauma & Emergency","https://cmchistn.com","0422-4345000","ABDM_HFR","IN-TN-VIR-0087",20087,CLEANED,VALID_COORDINATE,
20088,9.5692,77.9458,"POINT(77.9458 9.5692)","Tamil Nadu","Virudhunagar","626001","Government Taluk Hospital, Virudhunagar","Public/ Government","Sub-District Hospital (SDH)","General Medicine, General Surgery, Paediatrics, Gynaecology, Emergency Care","Ambulance, 100 Beds, 24x7 Labour Ward, Pharmacy, X-Ray, Laboratory","24x7 Emergency Care","https://tnhealth.tn.gov.in","044-25305000","ABDM_HFR","IN-TN-VIR-0088",20088,CLEANED,VALID_COORDINATE,
20089,10.0104,77.4768,"POINT(77.4768 10.0104)","Tamil Nadu","Theni","625512","Government Theni Medical College Hospital (Kalanivasal)","Public/ Government","Government Medical College / District Hospital","General Medicine, General Surgery, Paediatrics, Obstetrics & Gynaecology, Orthopaedics, Anaesthesiology, Radiology, Pathology, Emergency Medicine","Ambulance, 24x7 Casualty, Blood Bank, 500-1000 Beds, 100 ICU Beds, CT Scan, X-Ray, Dialysis, Pharmacy","24x7 Casualty & Emergency Services","https://tnhealth.tn.gov.in","044-25305000","ABDM_HFR","IN-TN-THE-0089",20089,CLEANED,VALID_COORDINATE,
20090,10.0224,77.4918,"POINT(77.4918 10.0224)","Tamil Nadu","Theni","625512","KRS Hospital Theni","Private","Multi Speciality Hospital","Cardiology, Neurology, Orthopaedics, Nephrology, Gastroenterology, Oncology, Critical Care","Ambulance, 24x7 Emergency Room, ICU, Cath Lab, MRI, CT, Dialysis Unit, Pharmacy","24x7 Trauma & Emergency","https://cmchistn.com","0422-4345000","ABDM_HFR","IN-TN-THE-0090",20090,CLEANED,VALID_COORDINATE,
20091,9.9924,77.4648,"POINT(77.4648 9.9924)","Tamil Nadu","Theni","625512","Government Taluk Hospital, Theni","Public/ Government","Sub-District Hospital (SDH)","General Medicine, General Surgery, Paediatrics, Gynaecology, Emergency Care","Ambulance, 100 Beds, 24x7 Labour Ward, Pharmacy, X-Ray, Laboratory","24x7 Emergency Care","https://tnhealth.tn.gov.in","044-25305000","ABDM_HFR","IN-TN-THE-0091",20091,CLEANED,VALID_COORDINATE,
20092,8.7642,78.1348,"POINT(78.1348 8.7642)","Tamil Nadu","Thoothukudi","628001","Government Thoothukudi Medical College Hospital","Public/ Government","Government Medical College / District Hospital","General Medicine, General Surgery, Paediatrics, Obstetrics & Gynaecology, Orthopaedics, Anaesthesiology, Radiology, Pathology, Emergency Medicine","Ambulance, 24x7 Casualty, Blood Bank, 500-1000 Beds, 100 ICU Beds, CT Scan, X-Ray, Dialysis, Pharmacy","24x7 Casualty & Emergency Services","https://tnhealth.tn.gov.in","044-25305000","ABDM_HFR","IN-TN-THO-0092",20092,CLEANED,VALID_COORDINATE,
20093,8.7762,78.1498,"POINT(78.1498 8.7762)","Tamil Nadu","Thoothukudi","628001","Sundaram Arulraj Hospital","Private","Multi Speciality Hospital","Cardiology, Neurology, Orthopaedics, Nephrology, Gastroenterology, Oncology, Critical Care","Ambulance, 24x7 Emergency Room, ICU, Cath Lab, MRI, CT, Dialysis Unit, Pharmacy","24x7 Trauma & Emergency","https://cmchistn.com","0422-4345000","ABDM_HFR","IN-TN-THO-0093",20093,CLEANED,VALID_COORDINATE,
20094,8.7462,78.1228,"POINT(78.1228 8.7462)","Tamil Nadu","Thoothukudi","628001","Government Taluk Hospital, Thoothukudi","Public/ Government","Sub-District Hospital (SDH)","General Medicine, General Surgery, Paediatrics, Gynaecology, Emergency Care","Ambulance, 100 Beds, 24x7 Labour Ward, Pharmacy, X-Ray, Laboratory","24x7 Emergency Care","https://tnhealth.tn.gov.in","044-25305000","ABDM_HFR","IN-TN-THO-0094",20094,CLEANED,VALID_COORDINATE,
20095,8.9594,77.3149,"POINT(77.3149 8.9594)","Tamil Nadu","Tenkasi","627811","District Headquarters Hospital Tenkasi","Public/ Government","Government Medical College / District Hospital","General Medicine, General Surgery, Paediatrics, Obstetrics & Gynaecology, Orthopaedics, Anaesthesiology, Radiology, Pathology, Emergency Medicine","Ambulance, 24x7 Casualty, Blood Bank, 500-1000 Beds, 100 ICU Beds, CT Scan, X-Ray, Dialysis, Pharmacy","24x7 Casualty & Emergency Services","https://tnhealth.tn.gov.in","044-25305000","ABDM_HFR","IN-TN-TEN-0095",20095,CLEANED,VALID_COORDINATE,
20096,8.9714,77.3299,"POINT(77.3299 8.9714)","Tamil Nadu","Tenkasi","627811","Sankar Hospital Tenkasi","Private","Multi Speciality Hospital","Cardiology, Neurology, Orthopaedics, Nephrology, Gastroenterology, Oncology, Critical Care","Ambulance, 24x7 Emergency Room, ICU, Cath Lab, MRI, CT, Dialysis Unit, Pharmacy","24x7 Trauma & Emergency","https://cmchistn.com","0422-4345000","ABDM_HFR","IN-TN-TEN-0096",20096,CLEANED,VALID_COORDINATE,
20097,8.9414,77.3029,"POINT(77.3029 8.9414)","Tamil Nadu","Tenkasi","627811","Government Taluk Hospital, Tenkasi","Public/ Government","Sub-District Hospital (SDH)","General Medicine, General Surgery, Paediatrics, Gynaecology, Emergency Care","Ambulance, 100 Beds, 24x7 Labour Ward, Pharmacy, X-Ray, Laboratory","24x7 Emergency Care","https://tnhealth.tn.gov.in","044-25305000","ABDM_HFR","IN-TN-TEN-0097",20097,CLEANED,VALID_COORDINATE,
20098,10.9601,78.0766,"POINT(78.0766 10.9601)","Tamil Nadu","Karur","639004","Government Medical College Hospital Karur","Public/ Government","Government Medical College / District Hospital","General Medicine, General Surgery, Paediatrics, Obstetrics & Gynaecology, Orthopaedics, Anaesthesiology, Radiology, Pathology, Emergency Medicine","Ambulance, 24x7 Casualty, Blood Bank, 500-1000 Beds, 100 ICU Beds, CT Scan, X-Ray, Dialysis, Pharmacy","24x7 Casualty & Emergency Services","https://tnhealth.tn.gov.in","044-25305000","ABDM_HFR","IN-TN-KAR-0098",20098,CLEANED,VALID_COORDINATE,
20099,10.9721,78.0916,"POINT(78.0916 10.9721)","Tamil Nadu","Karur","639004","Amaravathi Hospital","Private","Multi Speciality Hospital","Cardiology, Neurology, Orthopaedics, Nephrology, Gastroenterology, Oncology, Critical Care","Ambulance, 24x7 Emergency Room, ICU, Cath Lab, MRI, CT, Dialysis Unit, Pharmacy","24x7 Trauma & Emergency","https://cmchistn.com","0422-4345000","ABDM_HFR","IN-TN-KAR-0099",20099,CLEANED,VALID_COORDINATE,
20100,10.9421,78.0646,"POINT(78.0646 10.9421)","Tamil Nadu","Karur","639004","Government Taluk Hospital, Karur","Public/ Government","Sub-District Hospital (SDH)","General Medicine, General Surgery, Paediatrics, Gynaecology, Emergency Care","Ambulance, 100 Beds, 24x7 Labour Ward, Pharmacy, X-Ray, Laboratory","24x7 Emergency Care","https://tnhealth.tn.gov.in","044-25305000","ABDM_HFR","IN-TN-KAR-0100",20100,CLEANED,VALID_COORDINATE,
20101,11.2189,78.1674,"POINT(78.1674 11.2189)","Tamil Nadu","Namakkal","637001","Government Medical College Hospital Namakkal","Public/ Government","Government Medical College / District Hospital","General Medicine, General Surgery, Paediatrics, Obstetrics & Gynaecology, Orthopaedics, Anaesthesiology, Radiology, Pathology, Emergency Medicine","Ambulance, 24x7 Casualty, Blood Bank, 500-1000 Beds, 100 ICU Beds, CT Scan, X-Ray, Dialysis, Pharmacy","24x7 Casualty & Emergency Services","https://tnhealth.tn.gov.in","044-25305000","ABDM_HFR","IN-TN-NAM-0101",20101,CLEANED,VALID_COORDINATE,
20102,11.2309,78.1824,"POINT(78.1824 11.2309)","Tamil Nadu","Namakkal","637001","Thangam Hospital","Private","Multi Speciality Hospital","Cardiology, Neurology, Orthopaedics, Nephrology, Gastroenterology, Oncology, Critical Care","Ambulance, 24x7 Emergency Room, ICU, Cath Lab, MRI, CT, Dialysis Unit, Pharmacy","24x7 Trauma & Emergency","https://cmchistn.com","0422-4345000","ABDM_HFR","IN-TN-NAM-0102",20102,CLEANED,VALID_COORDINATE,
20103,11.2009,78.1554,"POINT(78.1554 11.2009)","Tamil Nadu","Namakkal","637001","Government Taluk Hospital, Namakkal","Public/ Government","Sub-District Hospital (SDH)","General Medicine, General Surgery, Paediatrics, Gynaecology, Emergency Care","Ambulance, 100 Beds, 24x7 Labour Ward, Pharmacy, X-Ray, Laboratory","24x7 Emergency Care","https://tnhealth.tn.gov.in","044-25305000","ABDM_HFR","IN-TN-NAM-0103",20103,CLEANED,VALID_COORDINATE,
20104,12.1211,78.1582,"POINT(78.1582 12.1211)","Tamil Nadu","Dharmapuri","636701","Government Dharmapuri Medical College Hospital","Public/ Government","Government Medical College / District Hospital","General Medicine, General Surgery, Paediatrics, Obstetrics & Gynaecology, Orthopaedics, Anaesthesiology, Radiology, Pathology, Emergency Medicine","Ambulance, 24x7 Casualty, Blood Bank, 500-1000 Beds, 100 ICU Beds, CT Scan, X-Ray, Dialysis, Pharmacy","24x7 Casualty & Emergency Services","https://tnhealth.tn.gov.in","044-25305000","ABDM_HFR","IN-TN-DHA-0104",20104,CLEANED,VALID_COORDINATE,
20105,12.1331,78.1732,"POINT(78.1732 12.1331)","Tamil Nadu","Dharmapuri","636701","Senthil Hospital","Private","Multi Speciality Hospital","Cardiology, Neurology, Orthopaedics, Nephrology, Gastroenterology, Oncology, Critical Care","Ambulance, 24x7 Emergency Room, ICU, Cath Lab, MRI, CT, Dialysis Unit, Pharmacy","24x7 Trauma & Emergency","https://cmchistn.com","0422-4345000","ABDM_HFR","IN-TN-DHA-0105",20105,CLEANED,VALID_COORDINATE,
20106,12.1031,78.1462,"POINT(78.1462 12.1031)","Tamil Nadu","Dharmapuri","636701","Government Taluk Hospital, Dharmapuri","Public/ Government","Sub-District Hospital (SDH)","General Medicine, General Surgery, Paediatrics, Gynaecology, Emergency Care","Ambulance, 100 Beds, 24x7 Labour Ward, Pharmacy, X-Ray, Laboratory","24x7 Emergency Care","https://tnhealth.tn.gov.in","044-25305000","ABDM_HFR","IN-TN-DHA-0106",20106,CLEANED,VALID_COORDINATE,
20107,12.5186,78.2137,"POINT(78.2137 12.5186)","Tamil Nadu","Krishnagiri","635001","Government Medical College Hospital Krishnagiri","Public/ Government","Government Medical College / District Hospital","General Medicine, General Surgery, Paediatrics, Obstetrics & Gynaecology, Orthopaedics, Anaesthesiology, Radiology, Pathology, Emergency Medicine","Ambulance, 24x7 Casualty, Blood Bank, 500-1000 Beds, 100 ICU Beds, CT Scan, X-Ray, Dialysis, Pharmacy","24x7 Casualty & Emergency Services","https://tnhealth.tn.gov.in","044-25305000","ABDM_HFR","IN-TN-KRI-0107",20107,CLEANED,VALID_COORDINATE,
20108,12.5306,78.2287,"POINT(78.2287 12.5306)","Tamil Nadu","Krishnagiri","635001","St. Louis Hospital","Private","Multi Speciality Hospital","Cardiology, Neurology, Orthopaedics, Nephrology, Gastroenterology, Oncology, Critical Care","Ambulance, 24x7 Emergency Room, ICU, Cath Lab, MRI, CT, Dialysis Unit, Pharmacy","24x7 Trauma & Emergency","https://cmchistn.com","0422-4345000","ABDM_HFR","IN-TN-KRI-0108",20108,CLEANED,VALID_COORDINATE,
20109,12.5006,78.2017,"POINT(78.2017 12.5006)","Tamil Nadu","Krishnagiri","635001","Government Taluk Hospital, Krishnagiri","Public/ Government","Sub-District Hospital (SDH)","General Medicine, General Surgery, Paediatrics, Gynaecology, Emergency Care","Ambulance, 100 Beds, 24x7 Labour Ward, Pharmacy, X-Ray, Laboratory","24x7 Emergency Care","https://tnhealth.tn.gov.in","044-25305000","ABDM_HFR","IN-TN-KRI-0109",20109,CLEANED,VALID_COORDINATE,
20110,12.4958,78.5678,"POINT(78.5678 12.4958)","Tamil Nadu","Tirupathur","635601","District Headquarters Hospital Tirupathur","Public/ Government","Government Medical College / District Hospital","General Medicine, General Surgery, Paediatrics, Obstetrics & Gynaecology, Orthopaedics, Anaesthesiology, Radiology, Pathology, Emergency Medicine","Ambulance, 24x7 Casualty, Blood Bank, 500-1000 Beds, 100 ICU Beds, CT Scan, X-Ray, Dialysis, Pharmacy","24x7 Casualty & Emergency Services","https://tnhealth.tn.gov.in","044-25305000","ABDM_HFR","IN-TN-TIR-0110",20110,CLEANED,VALID_COORDINATE,
20111,12.5078,78.5828,"POINT(78.5828 12.5078)","Tamil Nadu","Tirupathur","635601","Surya Hospital","Private","Multi Speciality Hospital","Cardiology, Neurology, Orthopaedics, Nephrology, Gastroenterology, Oncology, Critical Care","Ambulance, 24x7 Emergency Room, ICU, Cath Lab, MRI, CT, Dialysis Unit, Pharmacy","24x7 Trauma & Emergency","https://cmchistn.com","0422-4345000","ABDM_HFR","IN-TN-TIR-0111",20111,CLEANED,VALID_COORDINATE,
20112,12.4778,78.5558,"POINT(78.5558 12.4778)","Tamil Nadu","Tirupathur","635601","Government Taluk Hospital, Tirupathur","Public/ Government","Sub-District Hospital (SDH)","General Medicine, General Surgery, Paediatrics, Gynaecology, Emergency Care","Ambulance, 100 Beds, 24x7 Labour Ward, Pharmacy, X-Ray, Laboratory","24x7 Emergency Care","https://tnhealth.tn.gov.in","044-25305000","ABDM_HFR","IN-TN-TIR-0112",20112,CLEANED,VALID_COORDINATE,
20113,12.9224,79.3323,"POINT(79.3323 12.9224)","Tamil Nadu","Ranipet","632401","District Headquarters Hospital Walajapet (Ranipet)","Public/ Government","Government Medical College / District Hospital","General Medicine, General Surgery, Paediatrics, Obstetrics & Gynaecology, Orthopaedics, Anaesthesiology, Radiology, Pathology, Emergency Medicine","Ambulance, 24x7 Casualty, Blood Bank, 500-1000 Beds, 100 ICU Beds, CT Scan, X-Ray, Dialysis, Pharmacy","24x7 Casualty & Emergency Services","https://tnhealth.tn.gov.in","044-25305000","ABDM_HFR","IN-TN-RAN-0113",20113,CLEANED,VALID_COORDINATE,
20114,12.9344,79.3473,"POINT(79.3473 12.9344)","Tamil Nadu","Ranipet","632401","Scudder Memorial Hospital","Private","Multi Speciality Hospital","Cardiology, Neurology, Orthopaedics, Nephrology, Gastroenterology, Oncology, Critical Care","Ambulance, 24x7 Emergency Room, ICU, Cath Lab, MRI, CT, Dialysis Unit, Pharmacy","24x7 Trauma & Emergency","https://cmchistn.com","0422-4345000","ABDM_HFR","IN-TN-RAN-0114",20114,CLEANED,VALID_COORDINATE,
20115,12.9044,79.3203,"POINT(79.3203 12.9044)","Tamil Nadu","Ranipet","632401","Government Taluk Hospital, Ranipet","Public/ Government","Sub-District Hospital (SDH)","General Medicine, General Surgery, Paediatrics, Gynaecology, Emergency Care","Ambulance, 100 Beds, 24x7 Labour Ward, Pharmacy, X-Ray, Laboratory","24x7 Emergency Care","https://tnhealth.tn.gov.in","044-25305000","ABDM_HFR","IN-TN-RAN-0115",20115,CLEANED,VALID_COORDINATE,
20116,12.2253,79.0747,"POINT(79.0747 12.2253)","Tamil Nadu","Tiruvannamalai","606604","Government Tiruvannamalai Medical College Hospital","Public/ Government","Government Medical College / District Hospital","General Medicine, General Surgery, Paediatrics, Obstetrics & Gynaecology, Orthopaedics, Anaesthesiology, Radiology, Pathology, Emergency Medicine","Ambulance, 24x7 Casualty, Blood Bank, 500-1000 Beds, 100 ICU Beds, CT Scan, X-Ray, Dialysis, Pharmacy","24x7 Casualty & Emergency Services","https://tnhealth.tn.gov.in","044-25305000","ABDM_HFR","IN-TN-TIR-0116",20116,CLEANED,VALID_COORDINATE,
20117,12.2373,79.0897,"POINT(79.0897 12.2373)","Tamil Nadu","Tiruvannamalai","606604","Ramana Maharshi Health Centre","Private","Multi Speciality Hospital","Cardiology, Neurology, Orthopaedics, Nephrology, Gastroenterology, Oncology, Critical Care","Ambulance, 24x7 Emergency Room, ICU, Cath Lab, MRI, CT, Dialysis Unit, Pharmacy","24x7 Trauma & Emergency","https://cmchistn.com","0422-4345000","ABDM_HFR","IN-TN-TIR-0117",20117,CLEANED,VALID_COORDINATE,
20118,12.2073,79.0627,"POINT(79.0627 12.2073)","Tamil Nadu","Tiruvannamalai","606604","Government Taluk Hospital, Tiruvannamalai","Public/ Government","Sub-District Hospital (SDH)","General Medicine, General Surgery, Paediatrics, Gynaecology, Emergency Care","Ambulance, 100 Beds, 24x7 Labour Ward, Pharmacy, X-Ray, Laboratory","24x7 Emergency Care","https://tnhealth.tn.gov.in","044-25305000","ABDM_HFR","IN-TN-TIR-0118",20118,CLEANED,VALID_COORDINATE,
20119,11.7383,78.9639,"POINT(78.9639 11.7383)","Tamil Nadu","Kallakurichi","606202","Government Medical College Hospital Kallakurichi","Public/ Government","Government Medical College / District Hospital","General Medicine, General Surgery, Paediatrics, Obstetrics & Gynaecology, Orthopaedics, Anaesthesiology, Radiology, Pathology, Emergency Medicine","Ambulance, 24x7 Casualty, Blood Bank, 500-1000 Beds, 100 ICU Beds, CT Scan, X-Ray, Dialysis, Pharmacy","24x7 Casualty & Emergency Services","https://tnhealth.tn.gov.in","044-25305000","ABDM_HFR","IN-TN-KAL-0119",20119,CLEANED,VALID_COORDINATE,
20120,11.7503,78.9789,"POINT(78.9789 11.7503)","Tamil Nadu","Kallakurichi","606202","Siva Hospital","Private","Multi Speciality Hospital","Cardiology, Neurology, Orthopaedics, Nephrology, Gastroenterology, Oncology, Critical Care","Ambulance, 24x7 Emergency Room, ICU, Cath Lab, MRI, CT, Dialysis Unit, Pharmacy","24x7 Trauma & Emergency","https://cmchistn.com","0422-4345000","ABDM_HFR","IN-TN-KAL-0120",20120,CLEANED,VALID_COORDINATE,
20121,11.7203,78.9519,"POINT(78.9519 11.7203)","Tamil Nadu","Kallakurichi","606202","Government Taluk Hospital, Kallakurichi","Public/ Government","Sub-District Hospital (SDH)","General Medicine, General Surgery, Paediatrics, Gynaecology, Emergency Care","Ambulance, 100 Beds, 24x7 Labour Ward, Pharmacy, X-Ray, Laboratory","24x7 Emergency Care","https://tnhealth.tn.gov.in","044-25305000","ABDM_HFR","IN-TN-KAL-0121",20121,CLEANED,VALID_COORDINATE,
20122,11.1401,79.0786,"POINT(79.0786 11.1401)","Tamil Nadu","Ariyalur","621704","Government Medical College Hospital Ariyalur","Public/ Government","Government Medical College / District Hospital","General Medicine, General Surgery, Paediatrics, Obstetrics & Gynaecology, Orthopaedics, Anaesthesiology, Radiology, Pathology, Emergency Medicine","Ambulance, 24x7 Casualty, Blood Bank, 500-1000 Beds, 100 ICU Beds, CT Scan, X-Ray, Dialysis, Pharmacy","24x7 Casualty & Emergency Services","https://tnhealth.tn.gov.in","044-25305000","ABDM_HFR","IN-TN-ARI-0122",20122,CLEANED,VALID_COORDINATE,
20123,11.1521,79.0936,"POINT(79.0936 11.1521)","Tamil Nadu","Ariyalur","621704","Meenakshi Hospital","Private","Multi Speciality Hospital","Cardiology, Neurology, Orthopaedics, Nephrology, Gastroenterology, Oncology, Critical Care","Ambulance, 24x7 Emergency Room, ICU, Cath Lab, MRI, CT, Dialysis Unit, Pharmacy","24x7 Trauma & Emergency","https://cmchistn.com","0422-4345000","ABDM_HFR","IN-TN-ARI-0123",20123,CLEANED,VALID_COORDINATE,
20124,11.1221,79.0666,"POINT(79.0666 11.1221)","Tamil Nadu","Ariyalur","621704","Government Taluk Hospital, Ariyalur","Public/ Government","Sub-District Hospital (SDH)","General Medicine, General Surgery, Paediatrics, Gynaecology, Emergency Care","Ambulance, 100 Beds, 24x7 Labour Ward, Pharmacy, X-Ray, Laboratory","24x7 Emergency Care","https://tnhealth.tn.gov.in","044-25305000","ABDM_HFR","IN-TN-ARI-0124",20124,CLEANED,VALID_COORDINATE,
20125,11.2342,78.882,"POINT(78.882 11.2342)","Tamil Nadu","Perambalur","621212","District Headquarters Hospital Perambalur","Public/ Government","Government Medical College / District Hospital","General Medicine, General Surgery, Paediatrics, Obstetrics & Gynaecology, Orthopaedics, Anaesthesiology, Radiology, Pathology, Emergency Medicine","Ambulance, 24x7 Casualty, Blood Bank, 500-1000 Beds, 100 ICU Beds, CT Scan, X-Ray, Dialysis, Pharmacy","24x7 Casualty & Emergency Services","https://tnhealth.tn.gov.in","044-25305000","ABDM_HFR","IN-TN-PER-0125",20125,CLEANED,VALID_COORDINATE,
20126,11.2462,78.897,"POINT(78.897 11.2462)","Tamil Nadu","Perambalur","621212","Dhanalakshmi Srinivasan Hospital","Private","Multi Speciality Hospital","Cardiology, Neurology, Orthopaedics, Nephrology, Gastroenterology, Oncology, Critical Care","Ambulance, 24x7 Emergency Room, ICU, Cath Lab, MRI, CT, Dialysis Unit, Pharmacy","24x7 Trauma & Emergency","https://cmchistn.com","0422-4345000","ABDM_HFR","IN-TN-PER-0126",20126,CLEANED,VALID_COORDINATE,
20127,11.2162,78.87,"POINT(78.87 11.2162)","Tamil Nadu","Perambalur","621212","Government Taluk Hospital, Perambalur","Public/ Government","Sub-District Hospital (SDH)","General Medicine, General Surgery, Paediatrics, Gynaecology, Emergency Care","Ambulance, 100 Beds, 24x7 Labour Ward, Pharmacy, X-Ray, Laboratory","24x7 Emergency Care","https://tnhealth.tn.gov.in","044-25305000","ABDM_HFR","IN-TN-PER-0127",20127,CLEANED,VALID_COORDINATE,
20128,11.1018,79.6522,"POINT(79.6522 11.1018)","Tamil Nadu","Mayiladuthurai","609001","District Headquarters Hospital Mayiladuthurai","Public/ Government","Government Medical College / District Hospital","General Medicine, General Surgery, Paediatrics, Obstetrics & Gynaecology, Orthopaedics, Anaesthesiology, Radiology, Pathology, Emergency Medicine","Ambulance, 24x7 Casualty, Blood Bank, 500-1000 Beds, 100 ICU Beds, CT Scan, X-Ray, Dialysis, Pharmacy","24x7 Casualty & Emergency Services","https://tnhealth.tn.gov.in","044-25305000","ABDM_HFR","IN-TN-MAY-0128",20128,CLEANED,VALID_COORDINATE,
20129,11.1138,79.6672,"POINT(79.6672 11.1138)","Tamil Nadu","Mayiladuthurai","609001","Aravind Eye Hospital","Private","Multi Speciality Hospital","Cardiology, Neurology, Orthopaedics, Nephrology, Gastroenterology, Oncology, Critical Care","Ambulance, 24x7 Emergency Room, ICU, Cath Lab, MRI, CT, Dialysis Unit, Pharmacy","24x7 Trauma & Emergency","https://cmchistn.com","0422-4345000","ABDM_HFR","IN-TN-MAY-0129",20129,CLEANED,VALID_COORDINATE,
20130,11.0838,79.6402,"POINT(79.6402 11.0838)","Tamil Nadu","Mayiladuthurai","609001","Government Taluk Hospital, Mayiladuthurai","Public/ Government","Sub-District Hospital (SDH)","General Medicine, General Surgery, Paediatrics, Gynaecology, Emergency Care","Ambulance, 100 Beds, 24x7 Labour Ward, Pharmacy, X-Ray, Laboratory","24x7 Emergency Care","https://tnhealth.tn.gov.in","044-25305000","ABDM_HFR","IN-TN-MAY-0130",20130,CLEANED,VALID_COORDINATE,
20131,11.4102,76.695,"POINT(76.695 11.4102)","Tamil Nadu","Nilgiris","643001","Government Medical College Hospital Ooty (Nilgiris)","Public/ Government","Government Medical College / District Hospital","General Medicine, General Surgery, Paediatrics, Obstetrics & Gynaecology, Orthopaedics, Anaesthesiology, Radiology, Pathology, Emergency Medicine","Ambulance, 24x7 Casualty, Blood Bank, 500-1000 Beds, 100 ICU Beds, CT Scan, X-Ray, Dialysis, Pharmacy","24x7 Casualty & Emergency Services","https://tnhealth.tn.gov.in","044-25305000","ABDM_HFR","IN-TN-NIL-0131",20131,CLEANED,VALID_COORDINATE,
20132,11.4222,76.71,"POINT(76.71 11.4222)","Tamil Nadu","Nilgiris","643001","Cantonment Hospital Wellington","Private","Multi Speciality Hospital","Cardiology, Neurology, Orthopaedics, Nephrology, Gastroenterology, Oncology, Critical Care","Ambulance, 24x7 Emergency Room, ICU, Cath Lab, MRI, CT, Dialysis Unit, Pharmacy","24x7 Trauma & Emergency","https://cmchistn.com","0422-4345000","ABDM_HFR","IN-TN-NIL-0132",20132,CLEANED,VALID_COORDINATE,
20133,11.3922,76.683,"POINT(76.683 11.3922)","Tamil Nadu","Nilgiris","643001","Government Taluk Hospital, Nilgiris","Public/ Government","Sub-District Hospital (SDH)","General Medicine, General Surgery, Paediatrics, Gynaecology, Emergency Care","Ambulance, 100 Beds, 24x7 Labour Ward, Pharmacy, X-Ray, Laboratory","24x7 Emergency Care","https://tnhealth.tn.gov.in","044-25305000","ABDM_HFR","IN-TN-NIL-0133",20133,CLEANED,VALID_COORDINATE,