source,source_facility_id,hospital_name,state,district,pincode,latitude,longitude,classification,match_reason
"ABDM_HFR","IN-TN-CHN-0001","Rajiv Gandhi Government General Hospital & Madras Medical College","Tamil Nadu","Chennai","600003",13.082264,80.278358,"NEW","NO_MATCH"
"ABDM_HFR","IN-TN-CHN-0002","Government Stanley Medical College Hospital","Tamil Nadu","Chennai","600001",13.107026,80.287413,"NEW","NO_MATCH"
"ABDM_HFR","IN-TN-CHN-0003","Government Kilpauk Medical College Hospital","Tamil Nadu","Chennai","600010",13.078411,80.241512,"NEW","NO_MATCH"
"ABDM_HFR","IN-TN-CHN-0004","Tamil Nadu Government Multi Super Speciality Hospital (Omandurar)","Tamil Nadu","Chennai","600002",13.069415,80.274812,"NEW","NO_MATCH"
"ABDM_HFR","IN-TN-CHN-0005","Government Royapettah Hospital","Tamil Nadu","Chennai","600014",13.053821,80.261215,"NEW","NO_MATCH"
"ABDM_HFR","IN-TN-CHN-0006","Government Kasturba Gandhi Hospital for Women and Children","Tamil Nadu","Chennai","600005",13.061214,80.277815,"NEW","NO_MATCH"
"ABDM_HFR","IN-TN-CHN-0007","Institute of Child Health and Hospital for Children (Egmore)","Tamil Nadu","Chennai","600008",13.074512,80.258412,"NEW","NO_MATCH"
"ABDM_HFR","IN-TN-CHN-0008","Regional Institute of Ophthalmology and Government Ophthalmic Hospital","Tamil Nadu","Chennai","600008",13.072145,80.259812,"NEW","NO_MATCH"
"ABDM_HFR","IN-TN-CHN-0009","Apollo Hospitals (Greams Road)","Tamil Nadu","Chennai","600006",13.056624,80.251412,"NEW","NO_MATCH"
"ABDM_HFR","IN-TN-CHN-0010","Apollo Speciality Hospitals (Vanagaram)","Tamil Nadu","Chennai","600095",13.050512,80.147812,"NEW","NO_MATCH"
"ABDM_HFR","IN-TN-CHN-0011","Kauvery Hospital (Alwarpet)","Tamil Nadu","Chennai","600018",13.036112,80.254112,"NEW","NO_MATCH"
"ABDM_HFR","IN-TN-CHN-0012","MIOT International Hospital","Tamil Nadu","Chennai","600089",13.023812,80.187412,"NEW","NO_MATCH"
"ABDM_HFR","IN-TN-CHN-0013","Fortis Malar Hospital (Adyar)","Tamil Nadu","Chennai","600020",13.006112,80.258412,"NEW","NO_MATCH"
"ABDM_HFR","IN-TN-CHN-0014","SIMS Hospital (Vadapalani)","Tamil Nadu","Chennai","600026",13.051412,80.209812,"NEW","NO_MATCH"
"ABDM_HFR","IN-TN-CHN-0015","MGM Healthcare (Aminjikarai)","Tamil Nadu","Chennai","600029",13.071812,80.218412,"NEW","NO_MATCH"
"ABDM_HFR","IN-TN-CHN-0016","Dr. Mehta’s Hospitals (Chetpet)","Tamil Nadu","Chennai","600031",13.072912,80.239812,"NEW","NO_MATCH"
"ABDM_HFR","IN-TN-CHN-0017","Vijaya Hospital (Vadapalani)","Tamil Nadu","Chennai","600026",13.051912,80.212412,"NEW","NO_MATCH"
"ABDM_HFR","IN-TN-CHN-0018","Sundaram Medical Foundation (Anna Nagar)","Tamil Nadu","Chennai","600040",13.086412,80.211812,"NEW","NO_MATCH"
"ABDM_HFR","IN-TN-CHN-0019","Gleneagles Health City (Perumbakkam)","Tamil Nadu","Chennai","600100",12.906112,80.198412,"NEW","NO_MATCH"
"ABDM_HFR","IN-TN-CHN-0020","Sri Ramachandra Hospital & Research Institute (Porur)","Tamil Nadu","Chennai","600116",13.036812,80.141812,"NEW","NO_MATCH"
"ABDM_HFR","IN-TN-CHN-0021","Dr. Rela Institute & Medical Centre (Chromepet)","Tamil Nadu","Chengalpattu","600044",12.951412,80.141212,"NEW","NO_MATCH"
"ABDM_HFR","IN-TN-CHN-0022","Chettinad Hospital & Research Institute (Kelambakkam)","Tamil Nadu","Chengalpattu","603103",12.788412,80.221412,"NEW","NO_MATCH"
"ABDM_HFR","IN-TN-COI-0023","Coimbatore Medical College Hospital","Tamil Nadu","Coimbatore","641018",11.0168,76.9558,"NEW","NO_MATCH"
"ABDM_HFR","IN-TN-COI-0024","PSG Hospitals & GKNM Hospital","Tamil Nadu","Coimbatore","641018",11.0288,76.9708,"NEW","NO_MATCH"
"ABDM_HFR","IN-TN-COI-0025","Government Taluk Hospital, Coimbatore","Tamil Nadu","Coimbatore","641018",10.9988,76.9438,"NEW","NO_MATCH"
"ABDM_HFR","IN-TN-MAD-0026","Government Rajaji Hospital (GRH Madurai)","Tamil Nadu","Madurai","625020",9.9252,78.1198,"NEW","NO_MATCH"
"ABDM_HFR","IN-TN-MAD-0027","Meenakshi Mission Hospital & Research Centre","Tamil Nadu","Madurai","625020",9.9372,78.1348,"NEW","NO_MATCH"
"ABDM_HFR","IN-TN-MAD-0028","Government Taluk Hospital, Madurai","Tamil Nadu","Madurai","625020",9.9072,78.1078,"NEW","NO_MATCH"
"ABDM_HFR","IN-TN-TIR-0029","Mahatma Gandhi Memorial Government Hospital (KAPV)","Tamil Nadu","Tiruchirappalli","620001",10.7905,78.7047,"NEW","NO_MATCH"
"ABDM_HFR","IN-TN-TIR-0030","Kauvery Hospital Cantonment Trichy","Tamil Nadu","Tiruchirappalli","620001",10.8025,78.7197,"NEW","NO_MATCH"
"ABDM_HFR","IN-TN-TIR-0031","Government Taluk Hospital, Tiruchirappalli","Tamil Nadu","Tiruchirappalli","620001",10.7725,78.6927,"NEW","NO_MATCH"
"ABDM_HFR","IN-TN-SAL-0032","Government Mohan Kumaramangalam Medical College Hospital","Tamil Nadu","Salem","636001",11.6643,78.146,"NEW","NO_MATCH"
"ABDM_HFR","IN-TN-SAL-0033","Manipal Hospital Salem","Tamil Nadu","Salem","636001",11.6763,78.161,"NEW","NO_MATCH"
"ABDM_HFR","IN-TN-SAL-0034","Government Taluk Hospital, Salem","Tamil Nadu","Salem","636001",11.6463,78.134,"NEW","NO_MATCH"
"ABDM_HFR","IN-TN-TIR-0035","Tirunelveli Medical College Hospital (TVMCH)","Tamil Nadu","Tirunelveli","627011",8.7139,77.7567,"NEW","NO_MATCH"
"ABDM_HFR","IN-TN-TIR-0036","Galaxy Hospital Tirunelveli","Tamil Nadu","Tirunelveli","627011",8.7259,77.7717,"NEW","NO_MATCH"
"ABDM_HFR","IN-TN-TIR-0037","Government Taluk Hospital, Tirunelveli","Tamil Nadu","Tirunelveli","627011",8.6959,77.7447,"NEW","NO_MATCH"
"ABDM_HFR","IN-TN-VEL-0038","Government Vellore Medical College Hospital (Adukkamparai)","Tamil Nadu","Vellore","632004",12.9165,79.1325,"NEW","NO_MATCH"
"ABDM_HFR","IN-TN-VEL-0039","Christian Medical College (CMC) Hospital","Tamil Nadu","Vellore","632004",12.9285,79.1475,"NEW","NO_MATCH"
"ABDM_HFR","IN-TN-VEL-0040","Government Taluk Hospital, Vellore","Tamil Nadu","Vellore","632004",12.8985,79.1205,"NEW","NO_MATCH"
"ABDM_HFR","IN-TN-THA-0041","Thanjavur Medical College Hospital (TMCH)","Tamil Nadu","Thanjavur","613004",10.787,79.1378,"NEW","NO_MATCH"
"ABDM_HFR","IN-TN-THA-0042","Meenakshi Hospital Thanjavur","Tamil Nadu","Thanjavur","613004",10.799,79.1528,"NEW","NO_MATCH"
"ABDM_HFR","IN-TN-THA-0043","Government Taluk Hospital, Thanjavur","Tamil Nadu","Thanjavur","613004",10.769,79.1258,"NEW","NO_MATCH"
"ABDM_HFR","IN-TN-CHE-0044","Chengalpattu Government Medical College Hospital","Tamil Nadu","Chengalpattu","603001",12.6841,79.9836,"NEW","NO_MATCH"
"ABDM_HFR","IN-TN-CHE-0045","Gleneagles Global Hospital","Tamil Nadu","Chengalpattu","603001",12.6961,79.9986,"NEW","NO_MATCH"
"ABDM_HFR","IN-TN-CHE-0046","Government Taluk Hospital, Chengalpattu","Tamil Nadu","Chengalpattu","603001",12.6661,79.9716,"NEW","NO_MATCH"
"ABDM_HFR","IN-TN-TIR-0047","Government Tiruvallur Medical College Hospital","Tamil Nadu","Tiruvallur","602001",13.1437,79.9083,"NEW","NO_MATCH"
"ABDM_HFR","IN-TN-TIR-0048","Apollo Speciality Hospital Vanagaram","Tamil Nadu","Tiruvallur","602001",13.1557,79.9233,"NEW","NO_MATCH"
"ABDM_HFR","IN-TN-TIR-0049","Government Taluk Hospital, Tiruvallur","Tamil Nadu","Tiruvallur","602001",13.1257,79.8963,"NEW","NO_MATCH"
"ABDM_HFR","IN-TN-KAN-0050","District Headquarters Hospital Kanchipuram","Tamil Nadu","Kanchipuram","631502",12.8342,79.7036,"NEW","NO_MATCH"
"ABDM_HFR","IN-TN-KAN-0051","Meenakshi Medical College Hospital","Tamil Nadu","Kanchipuram","631502",12.8462,79.7186,"NEW","NO_MATCH"
"ABDM_HFR","IN-TN-KAN-0052","Government Taluk Hospital, Kanchipuram","Tamil Nadu","Kanchipuram","631502",12.8162,79.6916,"NEW","NO_MATCH"
"ABDM_HFR","IN-TN-ERO-0053","Government Medical College Hospital Erode (Perundurai)","Tamil Nadu","Erode","638009",11.341,77.7172,"NEW","NO_MATCH"
"ABDM_HFR","IN-TN-ERO-0054","Lotus Hospital Erode","Tamil Nadu","Erode","638009",11.353,77.7322,"NEW","NO_MATCH"
"ABDM_HFR","IN-TN-ERO-0055","Government Taluk Hospital, Erode","Tamil Nadu","Erode","638009",11.323,77.7052,"NEW","NO_MATCH"
"ABDM_HFR","IN-TN-TIR-0056","Government Medical College Hospital Tiruppur","Tamil Nadu","Tiruppur","641604",11.1085,77.3411,"NEW","NO_MATCH"
"ABDM_HFR","IN-TN-TIR-0057","Revathi Medical Centre","Tamil Nadu","Tiruppur","641604",11.1205,77.3561,"NEW","NO_MATCH"
"ABDM_HFR","IN-TN-TIR-0058","Government Taluk Hospital, Tiruppur","Tamil Nadu","Tiruppur","641604",11.0905,77.3291,"NEW","NO_MATCH"
"ABDM_HFR","IN-TN-DIN-0059","Government Medical College Hospital Dindigul","Tamil Nadu","Dindigul","624001",10.3673,77.9803,"NEW","NO_MATCH"
"ABDM_HFR","IN-TN-DIN-0061","Government Taluk Hospital, Dindigul","Tamil Nadu","Dindigul","624001",10.3493,77.9683,"NEW","NO_MATCH"
"ABDM_HFR","IN-TN-CUD-0062","Government Medical College Hospital Cuddalore (Chidambaram)","Tamil Nadu","Cuddalore","607001",11.748,79.7714,"NEW","NO_MATCH"
"ABDM_HFR","IN-TN-CUD-0063","Krishna Hospital Cuddalore","Tamil Nadu","Cuddalore","607001",11.76,79.7864,"NEW","NO_MATCH"
"ABDM_HFR","IN-TN-CUD-0064","Government Taluk Hospital, Cuddalore","Tamil Nadu","Cuddalore","607001",11.73,79.7594,"NEW","NO_MATCH"
"ABDM_HFR","IN-TN-VIL-0065","Government Villupuram Medical College Hospital (Mundiyampakkam)","Tamil Nadu","Viluppuram","605602",11.9401,79.4861,"NEW","NO_MATCH"
"ABDM_HFR","IN-TN-VIL-0066","ES Hospital Villupuram","Tamil Nadu","Viluppuram","605602",11.9521,79.5011,"NEW","NO_MATCH"
"ABDM_HFR","IN-TN-VIL-0067","Government Taluk Hospital, Viluppuram","Tamil Nadu","Viluppuram","605602",11.9221,79.4741,"NEW","NO_MATCH"
"ABDM_HFR","IN-TN-KAN-0068","Kanyakumari Government Medical College Hospital (Asaripallam)","Tamil Nadu","Kanyakumari","629201",8.0883,77.5385,"NEW","NO_MATCH"
"ABDM_HFR","IN-TN-KAN-0069","Sree Mookambika Institute","Tamil Nadu","Kanyakumari","629201",8.1003,77.5535,"NEW","NO_MATCH"
"ABDM_HFR","IN-TN-KAN-0070","Government Taluk Hospital, Kanyakumari","Tamil Nadu","Kanyakumari","629201",8.0703,77.5265,"NEW","NO_MATCH"
"ABDM_HFR","IN-TN-NAG-0071","Government Medical College Hospital Nagapattinam","Tamil Nadu","Nagapattinam","611001",10.7672,79.8449,"NEW","NO_MATCH"
"ABDM_HFR","IN-TN-NAG-0072","Padmini Nursing Home","Tamil Nadu","Nagapattinam","611001",10.7792,79.8599,"NEW","NO_MATCH"
"ABDM_HFR","IN-TN-NAG-0073","Government Taluk Hospital, Nagapattinam","Tamil Nadu","Nagapattinam","611001",10.7492,79.8329,"NEW","NO_MATCH"
"ABDM_HFR","IN-TN-TIR-0074","Government Tiruvarur Medical College Hospital","Tamil Nadu","Tiruvarur","610004",10.7717,79.6366,"NEW","NO_MATCH"
"ABDM_HFR","IN-TN-TIR-0075","Pankajam Hospital","Tamil Nadu","Tiruvarur","610004",10.7837,79.6516,"NEW","NO_MATCH"
"ABDM_HFR","IN-TN-TIR-0076","Government Taluk Hospital, Tiruvarur","Tamil Nadu","Tiruvarur","610004",10.7537,79.6246,"NEW","NO_MATCH"
"ABDM_HFR","IN-TN-PUD-0077","Government Medical College Hospital Pudukkottai","Tamil Nadu","Pudukkottai","622001",10.3797,78.8208,"NEW","NO_MATCH"
"ABDM_HFR","IN-TN-PUD-0078","Muthu Hospital","Tamil Nadu","Pudukkottai","622001",10.3917,78.8358,"NEW","NO_MATCH"
"ABDM_HFR","IN-TN-PUD-0079","Government Taluk Hospital, Pudukkottai","Tamil Nadu","Pudukkottai","622001",10.3617,78.8088,"NEW","NO_MATCH"
"ABDM_HFR","IN-TN-SIV-0080","Government Sivagangai Medical College Hospital","Tamil Nadu","Sivaganga","630561",9.8433,78.4809,"NEW","NO_MATCH"
"ABDM_HFR","IN-TN-SIV-0081","St. Michael Hospital","Tamil Nadu","Sivaganga","630561",9.8553,78.4959,"NEW","NO_MATCH"
"ABDM_HFR","IN-TN-SIV-0082","Government Taluk Hospital, Sivaganga","Tamil Nadu","Sivaganga","630561",9.8253,78.4689,"NEW","NO_MATCH"
"ABDM_HFR","IN-TN-RAM-0083","Government Medical College Hospital Ramanathapuram","Tamil Nadu","Ramanathapuram","623501",9.3639,78.8395,"NEW","NO_MATCH"
"ABDM_HFR","IN-TN-RAM-0084","Syed Ammal Hospital","Tamil Nadu","Ramanathapuram","623501",9.3759,78.8545,"NEW","NO_MATCH"
"ABDM_HFR","IN-TN-RAM-0085","Government Taluk Hospital, Ramanathapuram","Tamil Nadu","Ramanathapuram","623501",9.3459,78.8275,"NEW","NO_MATCH"
"ABDM_HFR","IN-TN-VIR-0086","Government Medical College Hospital Virudhunagar","Tamil Nadu","Virudhunagar","626001",9.5872,77.9578,"NEW","NO_MATCH"
"ABDM_HFR","IN-TN-VIR-0087","Kamaraj Hospital","Tamil Nadu","Virudhunagar","626001",9.5992,77.9728,"NEW","NO_MATCH"
"ABDM_HFR","IN-TN-VIR-0088","Government Taluk Hospital, Virudhunagar","Tamil Nadu","Virudhunagar","626001",9.5692,77.9458,"NEW","NO_MATCH"
"ABDM_HFR","IN-TN-THE-0089","Government Theni Medical College Hospital (Kalanivasal)","Tamil Nadu","Theni","625512",10.0104,77.4768,"NEW","NO_MATCH"
"ABDM_HFR","IN-TN-THE-0090","KRS Hospital Theni","Tamil Nadu","Theni","625512",10.0224,77.4918,"NEW","NO_MATCH"
"ABDM_HFR","IN-TN-THE-0091","Government Taluk Hospital, Theni","Tamil Nadu","Theni","625512",9.9924,77.4648,"NEW","NO_MATCH"
"ABDM_HFR","IN-TN-THO-0092","Government Thoothukudi Medical College Hospital","Tamil Nadu","Thoothukudi","628001",8.7642,78.1348,"NEW","NO_MATCH"
"ABDM_HFR","IN-TN-THO-0093","Sundaram Arulraj Hospital","Tamil Nadu","Thoothukudi","628001",8.7762,78.1498,"NEW","NO_MATCH"
"ABDM_HFR","IN-TN-THO-0094","Government Taluk Hospital, Thoothukudi","Tamil Nadu","Thoothukudi","628001",8.7462,78.1228,"NEW","NO_MATCH"
"ABDM_HFR","IN-TN-TEN-0095","District Headquarters Hospital Tenkasi","Tamil Nadu","Tenkasi","627811",8.9594,77.3149,"NEW","NO_MATCH"
"ABDM_HFR","IN-TN-TEN-0096","Sankar Hospital Tenkasi","Tamil Nadu","Tenkasi","627811",8.9714,77.3299,"NEW","NO_MATCH"
"ABDM_HFR","IN-TN-TEN-0097","Government Taluk Hospital, Tenkasi","Tamil Nadu","Tenkasi","627811",8.9414,77.3029,"NEW","NO_MATCH"
"ABDM_HFR","IN-TN-KAR-0100","Government Taluk Hospital, Karur","Tamil Nadu","Karur","639004",10.9421,78.0646,"NEW","NO_MATCH"
"ABDM_HFR","IN-TN-NAM-0101","Government Medical College Hospital Namakkal","Tamil Nadu","Namakkal","637001",11.2189,78.1674,"NEW","NO_MATCH"
"ABDM_HFR","IN-TN-NAM-0102","Thangam Hospital","Tamil Nadu","Namakkal","637001",11.2309,78.1824,"NEW","NO_MATCH"
"ABDM_HFR","IN-TN-NAM-0103","Government Taluk Hospital, Namakkal","Tamil Nadu","Namakkal","637001",11.2009,78.1554,"NEW","NO_MATCH"
"ABDM_HFR","IN-TN-DHA-0104","Government Dharmapuri Medical College Hospital","Tamil Nadu","Dharmapuri","636701",12.1211,78.1582,"NEW","NO_MATCH"
"ABDM_HFR","IN-TN-DHA-0105","Senthil Hospital","Tamil Nadu","Dharmapuri","636701",12.1331,78.1732,"NEW","NO_MATCH"
"ABDM_HFR","IN-TN-DHA-0106","Government Taluk Hospital, Dharmapuri","Tamil Nadu","Dharmapuri","636701",12.1031,78.1462,"NEW","NO_MATCH"
"ABDM_HFR","IN-TN-KRI-0109","Government Taluk Hospital, Krishnagiri","Tamil Nadu","Krishnagiri","635001",12.5006,78.2017,"NEW","NO_MATCH"
"ABDM_HFR","IN-TN-TIR-0110","District Headquarters Hospital Tirupathur","Tamil Nadu","Tirupathur","635601",12.4958,78.5678,"NEW","NO_MATCH"
"ABDM_HFR","IN-TN-TIR-0111","Surya Hospital","Tamil Nadu","Tirupathur","635601",12.5078,78.5828,"NEW","GENERIC_NAME_DIFFERENT_STATE"
"ABDM_HFR","IN-TN-TIR-0112","Government Taluk Hospital, Tirupathur","Tamil Nadu","Tirupathur","635601",12.4778,78.5558,"NEW","NO_MATCH"
"ABDM_HFR","IN-TN-RAN-0113","District Headquarters Hospital Walajapet (Ranipet)","Tamil Nadu","Ranipet","632401",12.9224,79.3323,"NEW","NO_MATCH"
"ABDM_HFR","IN-TN-RAN-0114","Scudder Memorial Hospital","Tamil Nadu","Ranipet","632401",12.9344,79.3473,"NEW","NO_MATCH"
"ABDM_HFR","IN-TN-RAN-0115","Government Taluk Hospital, Ranipet","Tamil Nadu","Ranipet","632401",12.9044,79.3203,"NEW","NO_MATCH"
"ABDM_HFR","IN-TN-TIR-0116","Government Tiruvannamalai Medical College Hospital","Tamil Nadu","Tiruvannamalai","606604",12.2253,79.0747,"NEW","NO_MATCH"
"ABDM_HFR","IN-TN-TIR-0117","Ramana Maharshi Health Centre","Tamil Nadu","Tiruvannamalai","606604",12.2373,79.0897,"NEW","NO_MATCH"
"ABDM_HFR","IN-TN-TIR-0118","Government Taluk Hospital, Tiruvannamalai","Tamil Nadu","Tiruvannamalai","606604",12.2073,79.0627,"NEW","NO_MATCH"
"ABDM_HFR","IN-TN-KAL-0119","Government Medical College Hospital Kallakurichi","Tamil Nadu","Kallakurichi","606202",11.7383,78.9639,"NEW","NO_MATCH"
"ABDM_HFR","IN-TN-KAL-0120","Siva Hospital","Tamil Nadu","Kallakurichi","606202",11.7503,78.9789,"NEW","NO_MATCH"
"ABDM_HFR","IN-TN-KAL-0121","Government Taluk Hospital, Kallakurichi","Tamil Nadu","Kallakurichi","606202",11.7203,78.9519,"NEW","NO_MATCH"
"ABDM_HFR","IN-TN-ARI-0122","Government Medical College Hospital Ariyalur","Tamil Nadu","Ariyalur","621704",11.1401,79.0786,"NEW","NO_MATCH"
"ABDM_HFR","IN-TN-ARI-0123","Meenakshi Hospital","Tamil Nadu","Ariyalur","621704",11.1521,79.0936,"NEW","GENERIC_NAME_DIFFERENT_STATE"
"ABDM_HFR","IN-TN-ARI-0124","Government Taluk Hospital, Ariyalur","Tamil Nadu","Ariyalur","621704",11.1221,79.0666,"NEW","NO_MATCH"
"ABDM_HFR","IN-TN-PER-0125","District Headquarters Hospital Perambalur","Tamil Nadu","Perambalur","621212",11.2342,78.882,"NEW","NO_MATCH"
"ABDM_HFR","IN-TN-PER-0126","Dhanalakshmi Srinivasan Hospital","Tamil Nadu","Perambalur","621212",11.2462,78.897,"NEW","NO_MATCH"
"ABDM_HFR","IN-TN-PER-0127","Government Taluk Hospital, Perambalur","Tamil Nadu","Perambalur","621212",11.2162,78.87,"NEW","NO_MATCH"
"ABDM_HFR","IN-TN-MAY-0128","District Headquarters Hospital Mayiladuthurai","Tamil Nadu","Mayiladuthurai","609001",11.1018,79.6522,"NEW","NO_MATCH"
"ABDM_HFR","IN-TN-MAY-0129","Aravind Eye Hospital","Tamil Nadu","Mayiladuthurai","609001",11.1138,79.6672,"NEW","GENERIC_NAME_DIFFERENT_STATE"
"ABDM_HFR","IN-TN-MAY-0130","Government Taluk Hospital, Mayiladuthurai","Tamil Nadu","Mayiladuthurai","609001",11.0838,79.6402,"NEW","NO_MATCH"
"ABDM_HFR","IN-TN-NIL-0131","Government Medical College Hospital Ooty (Nilgiris)","Tamil Nadu","Nilgiris","643001",11.4102,76.695,"NEW","NO_MATCH"
"ABDM_HFR","IN-TN-NIL-0132","Cantonment Hospital Wellington","Tamil Nadu","Nilgiris","643001",11.4222,76.71,"NEW","NO_MATCH"
"ABDM_HFR","IN-TN-NIL-0133","Government Taluk Hospital, Nilgiris","Tamil Nadu","Nilgiris","643001",11.3922,76.683,"NEW","NO_MATCH"
"TN_HMIS","TNHMIS-CHN-1001","GCC Urban Community Health Centre, Pulianthope","Tamil Nadu","Chennai","600012",13.0945,80.2642,"NEW","NO_MATCH"
"TN_HMIS","TNHMIS-CHN-1002","GCC Urban Community Health Centre, Saidapet","Tamil Nadu","Chennai","600015",13.0212,80.2235,"NEW","NO_MATCH"
"TN_HMIS","TNHMIS-CHN-1003","GCC Urban Community Health Centre, Shenoy Nagar","Tamil Nadu","Chennai","600030",13.0789,80.2241,"NEW","NO_MATCH"
"TN_HMIS","TNHMIS-CHN-1004","GCC Urban Community Health Centre, Ayanavaram","Tamil Nadu","Chennai","600023",13.0984,80.2312,"NEW","NO_MATCH"
"TN_HMIS","TNHMIS-CHN-1005","GCC Urban Community Health Centre, Thiruvottiyur","Tamil Nadu","Chennai","600019",13.1612,80.3012,"NEW","NO_MATCH"
"TN_HMIS","TNHMIS-CHN-1006","GCC Urban Community Health Centre, Madhavaram","Tamil Nadu","Chennai","600060",13.1489,80.2314,"NEW","NO_MATCH"
"TN_HMIS","TNHMIS-CHN-1007","GCC Urban Community Health Centre, Ambattur","Tamil Nadu","Chennai","600053",13.1145,80.1541,"NEW","NO_MATCH"
"TN_HMIS","TNHMIS-CHN-1008","GCC Urban Community Health Centre, Valasaravakkam","Tamil Nadu","Chennai","600087",13.0412,80.1745,"NEW","NO_MATCH"
"TN_HMIS","TNHMIS-CHN-1009","GCC Urban Community Health Centre, Alandur","Tamil Nadu","Chennai","600016",13.0041,80.2012,"NEW","NO_MATCH"
"TN_HMIS","TNHMIS-CHN-1010","GCC Urban Community Health Centre, Adyar","Tamil Nadu","Chennai","600020",13.0068,80.2541,"NEW","NO_MATCH"
"TN_HMIS","TNHMIS-CHN-1011","GCC Urban Community Health Centre, Perungudi","Tamil Nadu","Chennai","600096",12.9612,80.2415,"NEW","NO_MATCH"
"TN_HMIS","TNHMIS-CHN-1012","GCC Urban Community Health Centre, Sholinganallur","Tamil Nadu","Chennai","600119",12.9012,80.2274,"NEW","NO_MATCH"
"TN_HMIS","TNHMIS-CHN-1013","GCC Urban Primary Health Centre, Royapuram","Tamil Nadu","Chennai","600013",13.1112,80.2941,"NEW","NO_MATCH"
"TN_HMIS","TNHMIS-CHN-1015","GCC Urban Primary Health Centre, Mylapore","Tamil Nadu","Chennai","600004",13.0345,80.2678,"NEW","NO_MATCH"
"TN_HMIS","TNHMIS-CHN-1016","GCC Urban Primary Health Centre, Kodambakkam","Tamil Nadu","Chennai","600024",13.0512,80.2214,"NEW","NO_MATCH"
"TN_HMIS","TNHMIS-CHN-1017","GCC Urban Primary Health Centre, Anna Nagar West","Tamil Nadu","Chennai","600040",13.0889,80.2012,"NEW","NO_MATCH"
"TN_HMIS","TNHMIS-CHN-1018","GCC Urban Primary Health Centre, Triplicane","Tamil Nadu","Chennai","600005",13.0589,80.2741,"NEW","NO_MATCH"
"TN_HMIS","TNHMIS-CHN-1019","GCC Urban Primary Health Centre, Villivakkam","Tamil Nadu","Chennai","600049",13.1078,80.2045,"NEW","NO_MATCH"
"TN_HMIS","TNHMIS-CHN-1020","GCC Urban Primary Health Centre, Kolathur","Tamil Nadu","Chennai","600099",13.1245,80.2189,"NEW","NO_MATCH"
"TN_HMIS","TNHMIS-ARI-1021","Government Primary Health Centre, Central Ariyalur","Tamil Nadu","Ariyalur","600001",12.180819339645307,78.47373627273831,"NEW","NO_MATCH"
"TN_HMIS","TNHMIS-ARI-1022","Government Community Health Centre, North Ariyalur","Tamil Nadu","Ariyalur","600001",11.886552915641376,78.34030861625713,"NEW","NO_MATCH"
"TN_HMIS","TNHMIS-CHE-1023","Government Primary Health Centre, Central Chengalpattu","Tamil Nadu","Chengalpattu","600001",12.987439399708425,78.59363145523068,"NEW","NO_MATCH"
"TN_HMIS","TNHMIS-CHE-1024","Government Community Health Centre, North Chengalpattu","Tamil Nadu","Chengalpattu","600001",11.183421204034115,78.44623611159722,"NEW","NO_MATCH"
"TN_HMIS","TNHMIS-COI-1025","Government Primary Health Centre, Central Coimbatore","Tamil Nadu","Coimbatore","600001",11.353761835177439,77.31757521656546,"NEW","NO_MATCH"
"TN_HMIS","TNHMIS-COI-1026","Government Community Health Centre, North Coimbatore","Tamil Nadu","Coimbatore","600001",12.219995872953627,77.2745812021771,"NEW","NO_MATCH"
"TN_HMIS","TNHMIS-CUD-1027","Government Primary Health Centre, Central Cuddalore","Tamil Nadu","Cuddalore","600001",12.324301996937068,78.41869042633071,"NEW","NO_MATCH"
"TN_HMIS","TNHMIS-CUD-1028","Government Community Health Centre, North Cuddalore","Tamil Nadu","Cuddalore","600001",12.258933449047666,77.53704083735528,"NEW","NO_MATCH"
"TN_HMIS","TNHMIS-DHA-1029","Government Primary Health Centre, Central Dharmapuri","Tamil Nadu","Dharmapuri","600001",11.9698409847678,78.75193815693858,"NEW","NO_MATCH"
"TN_HMIS","TNHMIS-DHA-1030","Government Community Health Centre, North Dharmapuri","Tamil Nadu","Dharmapuri","600001",11.968258787565883,77.1649713055536,"NEW","NO_MATCH"
"TN_HMIS","TNHMIS-DIN-1031","Government Primary Health Centre, Central Dindigul","Tamil Nadu","Dindigul","600001",12.809697520625921,77.69683035847537,"NEW","NO_MATCH"
"TN_HMIS","TNHMIS-DIN-1032","Government Community Health Centre, North Dindigul","Tamil Nadu","Dindigul","600001",12.080849687247994,77.72869823269544,"NEW","NO_MATCH"
"TN_HMIS","TNHMIS-ERO-1033","Government Primary Health Centre, Central Erode","Tamil Nadu","Erode","600001",11.801466381472784,78.4000069016234,"NEW","NO_MATCH"
"TN_HMIS","TNHMIS-ERO-1034","Government Community Health Centre, North Erode","Tamil Nadu","Erode","600001",12.709465074373165,78.53271489936995,"NEW","NO_MATCH"
"TN_HMIS","TNHMIS-KAL-1035","Government Primary Health Centre, Central Kallakurichi","Tamil Nadu","Kallakurichi","600001",12.70281544307744,77.43174547282989,"NEW","NO_MATCH"
"TN_HMIS","TNHMIS-KAL-1036","Government Community Health Centre, North Kallakurichi","Tamil Nadu","Kallakurichi","600001",11.230884529933247,77.26231830403478,"NEW","NO_MATCH"
"TN_HMIS","TNHMIS-KAN-1037","Government Primary Health Centre, Central Kanchipuram","Tamil Nadu","Kanchipuram","600001",12.935173020591375,77.0626808160652,"NEW","NO_MATCH"
"TN_HMIS","TNHMIS-KAN-1038","Government Community Health Centre, North Kanchipuram","Tamil Nadu","Kanchipuram","600001",11.910072212710869,78.44338693686052,"NEW","NO_MATCH"
"TN_HMIS","TNHMIS-KAN-1039","Government Primary Health Centre, Central Kanyakumari","Tamil Nadu","Kanyakumari","600001",11.500612176622873,78.63616551589703,"NEW","NO_MATCH"
"TN_HMIS","TNHMIS-KAN-1040","Government Community Health Centre, North Kanyakumari","Tamil Nadu","Kanyakumari","600001",12.122022010389834,77.53754243897053,"NEW","NO_MATCH"
"TN_HMIS","TNHMIS-KAR-1041","Government Primary Health Centre, Central Karur","Tamil Nadu","Karur","600001",11.450923801526011,78.25403122840537,"NEW","NO_MATCH"
"TN_HMIS","TNHMIS-KAR-1042","Government Community Health Centre, North Karur","Tamil Nadu","Karur","600001",11.885099836235401,79.42925794083327,"NEW","NO_MATCH"
"TN_HMIS","TNHMIS-KRI-1043","Government Primary Health Centre, Central Krishnagiri","Tamil Nadu","Krishnagiri","600001",11.171619799441462,78.25344110352862,"NEW","NO_MATCH"
"TN_HMIS","TNHMIS-KRI-1044","Government Community Health Centre, North Krishnagiri","Tamil Nadu","Krishnagiri","600001",11.737058114239382,77.49934504226128,"NEW","NO_MATCH"
"TN_HMIS","TNHMIS-MAD-1045","Government Primary Health Centre, Central Madurai","Tamil Nadu","Madurai","600001",12.236370790010357,78.68414980300352,"NEW","NO_MATCH"
"TN_HMIS","TNHMIS-MAD-1046","Government Community Health Centre, North Madurai","Tamil Nadu","Madurai","600001",12.134517344654732,78.67351352762635,"NEW","NO_MATCH"
"TN_HMIS","TNHMIS-MAY-1047","Government Primary Health Centre, Central Mayiladuthurai","Tamil Nadu","Mayiladuthurai","600001",12.616157044394138,77.37677385271665,"NEW","NO_MATCH"
"TN_HMIS","TNHMIS-MAY-1048","Government Community Health Centre, North Mayiladuthurai","Tamil Nadu","Mayiladuthurai","600001",11.514196553833585,79.21248791296118,"NEW","NO_MATCH"
"TN_HMIS","TNHMIS-NAG-1049","Government Primary Health Centre, Central Nagapattinam","Tamil Nadu","Nagapattinam","600001",12.348718419658862,79.06844258807494,"NEW","NO_MATCH"
"TN_HMIS","TNHMIS-NAG-1050","Government Community Health Centre, North Nagapattinam","Tamil Nadu","Nagapattinam","600001",11.31131752646357,78.70845399948053,"NEW","NO_MATCH"
"TN_HMIS","TNHMIS-NAM-1051","Government Primary Health Centre, Central Namakkal","Tamil Nadu","Namakkal","600001",12.188740030876014,78.82138042099163,"NEW","NO_MATCH"
"TN_HMIS","TNHMIS-NAM-1052","Government Community Health Centre, North Namakkal","Tamil Nadu","Namakkal","600001",11.644025907639483,78.20297598158761,"NEW","NO_MATCH"
"TN_HMIS","TNHMIS-NIL-1053","Government Primary Health Centre, Central Nilgiris","Tamil Nadu","Nilgiris","600001",12.842109116385505,78.77590893371548,"NEW","NO_MATCH"
"TN_HMIS","TNHMIS-NIL-1054","Government Community Health Centre, North Nilgiris","Tamil Nadu","Nilgiris","600001",11.674207218326435,78.61726333905747,"NEW","NO_MATCH"
"TN_HMIS","TNHMIS-PER-1055","Government Primary Health Centre, Central Perambalur","Tamil Nadu","Perambalur","600001",11.858339933713387,78.10273263496593,"NEW","NO_MATCH"
"TN_HMIS","TNHMIS-PER-1056","Government Community Health Centre, North Perambalur","Tamil Nadu","Perambalur","600001",12.703741974318593,77.20828179977288,"NEW","NO_MATCH"
"TN_HMIS","TNHMIS-PUD-1057","Government Primary Health Centre, Central Pudukkottai","Tamil Nadu","Pudukkottai","600001",12.799688854355267,78.226622330235,"NEW","NO_MATCH"
"TN_HMIS","TNHMIS-PUD-1058","Government Community Health Centre, North Pudukkottai","Tamil Nadu","Pudukkottai","600001",11.59462281303347,78.51348938640064,"NEW","NO_MATCH"
"TN_HMIS","TNHMIS-RAM-1059","Government Primary Health Centre, Central Ramanathapuram","Tamil Nadu","Ramanathapuram","600001",12.779239465809436,79.34408275376006,"NEW","NO_MATCH"
"TN_HMIS","TNHMIS-RAM-1060","Government Community Health Centre, North Ramanathapuram","Tamil Nadu","Ramanathapuram","600001",12.215664990407383,77.49955974415663,"NEW","NO_MATCH"
"TN_HMIS","TNHMIS-RAN-1061","Government Primary Health Centre, Central Ranipet","Tamil Nadu","Ranipet","600001",12.732416977184629,77.48893775387677,"NEW","NO_MATCH"
"TN_HMIS","TNHMIS-RAN-1062","Government Community Health Centre, North Ranipet","Tamil Nadu","Ranipet","600001",11.338773672419777,79.45104488415332,"NEW","NO_MATCH"
"TN_HMIS","TNHMIS-SAL-1063","Government Primary Health Centre, Central Salem","Tamil Nadu","Salem","600001",11.167170469438064,78.35903698008117,"NEW","NO_MATCH"
"TN_HMIS","TNHMIS-SAL-1064","Government Community Health Centre, North Salem","Tamil Nadu","Salem","600001",11.717695658629022,79.16636778452661,"NEW","NO_MATCH"
"TN_HMIS","TNHMIS-SIV-1065","Government Primary Health Centre, Central Sivaganga","Tamil Nadu","Sivaganga","600001",11.706753936122611,78.79395472639868,"NEW","NO_MATCH"
"TN_HMIS","TNHMIS-SIV-1066","Government Community Health Centre, North Sivaganga","Tamil Nadu","Sivaganga","600001",11.433526004403271,78.34130836649742,"NEW","NO_MATCH"
"TN_HMIS","TNHMIS-TEN-1067","Government Primary Health Centre, Central Tenkasi","Tamil Nadu","Tenkasi","600001",11.392198693092972,78.7791065728142,"NEW","NO_MATCH"
"TN_HMIS","TNHMIS-TEN-1068","Government Community Health Centre, North Tenkasi","Tamil Nadu","Tenkasi","600001",12.730509841453532,79.41025883398902,"NEW","NO_MATCH"
"TN_HMIS","TNHMIS-THA-1069","Government Primary Health Centre, Central Thanjavur","Tamil Nadu","Thanjavur","600001",11.841629088815132,77.11382865582277,"NEW","NO_MATCH"
"TN_HMIS","TNHMIS-THA-1070","Government Community Health Centre, North Thanjavur","Tamil Nadu","Thanjavur","600001",12.628811523673544,78.60324648018728,"NEW","NO_MATCH"
"TN_HMIS","TNHMIS-THE-1071","Government Primary Health Centre, Central Theni","Tamil Nadu","Theni","600001",12.828724054864702,77.13306297783643,"NEW","NO_MATCH"
"TN_HMIS","TNHMIS-THE-1072","Government Community Health Centre, North Theni","Tamil Nadu","Theni","600001",11.461264577437076,77.26334022680103,"NEW","NO_MATCH"
"TN_HMIS","TNHMIS-THO-1073","Government Primary Health Centre, Central Thoothukudi","Tamil Nadu","Thoothukudi","600001",12.07934586315935,77.92023724561132,"NEW","NO_MATCH"
"TN_HMIS","TNHMIS-THO-1074","Government Community Health Centre, North Thoothukudi","Tamil Nadu","Thoothukudi","600001",11.026973686533033,78.99268983825131,"NEW","NO_MATCH"
"TN_HMIS","TNHMIS-TIR-1075","Government Primary Health Centre, Central Tiruchirappalli","Tamil Nadu","Tiruchirappalli","600001",12.207369884438032,77.59551817654776,"NEW","NO_MATCH"
"TN_HMIS","TNHMIS-TIR-1076","Government Community Health Centre, North Tiruchirappalli","Tamil Nadu","Tiruchirappalli","600001",12.296766046012682,79.1634069883268,"NEW","NO_MATCH"
"TN_HMIS","TNHMIS-TIR-1077","Government Primary Health Centre, Central Tirunelveli","Tamil Nadu","Tirunelveli","600001",11.263976180684953,77.64586542358977,"NEW","NO_MATCH"
"TN_HMIS","TNHMIS-TIR-1078","Government Community Health Centre, North Tirunelveli","Tamil Nadu","Tirunelveli","600001",11.216917149870836,78.0869718234583,"NEW","NO_MATCH"
"TN_HMIS","TNHMIS-TIR-1079","Government Primary Health Centre, Central Tirupathur","Tamil Nadu","Tirupathur","600001",12.927996279923033,78.40152039706005,"NEW","NO_MATCH"
"TN_HMIS","TNHMIS-TIR-1080","Government Community Health Centre, North Tirupathur","Tamil Nadu","Tirupathur","600001",11.920547973918158,77.58190487531968,"NEW","NO_MATCH"
"TN_HMIS","TNHMIS-TIR-1081","Government Primary Health Centre, Central Tiruppur","Tamil Nadu","Tiruppur","600001",12.394991394881703,78.20456813165265,"NEW","NO_MATCH"
"TN_HMIS","TNHMIS-TIR-1082","Government Community Health Centre, North Tiruppur","Tamil Nadu","Tiruppur","600001",12.784058851693697,78.19446304316348,"NEW","NO_MATCH"
"TN_HMIS","TNHMIS-TIR-1083","Government Primary Health Centre, Central Tiruvallur","Tamil Nadu","Tiruvallur","600001",11.71538109110405,77.79068793125207,"NEW","NO_MATCH"
"TN_HMIS","TNHMIS-TIR-1084","Government Community Health Centre, North Tiruvallur","Tamil Nadu","Tiruvallur","600001",12.091051698434566,77.88937178284499,"NEW","NO_MATCH"
"TN_HMIS","TNHMIS-TIR-1085","Government Primary Health Centre, Central Tiruvannamalai","Tamil Nadu","Tiruvannamalai","600001",11.511130067464904,77.71918550131691,"NEW","NO_MATCH"
"TN_HMIS","TNHMIS-TIR-1086","Government Community Health Centre, North Tiruvannamalai","Tamil Nadu","Tiruvannamalai","600001",12.26935521764811,78.44219412519779,"NEW","NO_MATCH"
"TN_HMIS","TNHMIS-TIR-1087","Government Primary Health Centre, Central Tiruvarur","Tamil Nadu","Tiruvarur","600001",12.272146838723845,78.80543289707079,"NEW","NO_MATCH"
"TN_HMIS","TNHMIS-TIR-1088","Government Community Health Centre, North Tiruvarur","Tamil Nadu","Tiruvarur","600001",12.706734836347643,78.58432982939499,"NEW","NO_MATCH"
"TN_HMIS","TNHMIS-VEL-1089","Government Primary Health Centre, Central Vellore","Tamil Nadu","Vellore","600001",12.200369806900252,77.63691540927582,"NEW","NO_MATCH"
"TN_HMIS","TNHMIS-VEL-1090","Government Community Health Centre, North Vellore","Tamil Nadu","Vellore","600001",12.070278481010572,78.19058480506588,"NEW","NO_MATCH"
"TN_HMIS","TNHMIS-VIL-1091","Government Primary Health Centre, Central Viluppuram","Tamil Nadu","Viluppuram","600001",12.257842853738396,77.8216436356088,"NEW","NO_MATCH"
"TN_HMIS","TNHMIS-VIL-1092","Government Community Health Centre, North Viluppuram","Tamil Nadu","Viluppuram","600001",11.393047518493415,77.19058956521589,"NEW","NO_MATCH"
"TN_HMIS","TNHMIS-VIR-1093","Government Primary Health Centre, Central Virudhunagar","Tamil Nadu","Virudhunagar","600001",12.238758265291395,77.59774538530459,"NEW","NO_MATCH"
"TN_HMIS","TNHMIS-VIR-1094","Government Community Health Centre, North Virudhunagar","Tamil Nadu","Virudhunagar","600001",11.169655492577428,77.44366837237405,"NEW","NO_MATCH"